FEE_TYPE_ID,FEE_TYPE_NAME,YEARLY,USERID,TIME_STAMP,FEETP,MSC_FEE_FLAG,TREASURY_FEE_FLAG,FEE_TYPE_SHORTNAME,AMANA_FEE_FLAG
2,رسم صيانة المجارير والأرصفة,Y,MRSBINIT,1998-10-20 00:00:00,1,N,,ر.صيانة م وأ,
9,رسم إنشاء المجارير و الأرصفة,N,MRSBINIT,1998-10-20 00:00:00,2,Y,,ر.إنشاء م وأ,
12,رسم ترخيص للإعلانات الدائمة والمؤقتة,N,MRSBINIT,1998-10-21 00:00:00,2,Y,,ر.ت.اعلان,
14,رسم استثمار للإعلانات الدائمة,Y,MRSBINIT,1998-10-21 00:00:00,1,Y,,ر.إ.اعلان دائم,
15,رسم اسثمارللإعلانات المؤقتة,N,MRSBINIT,1998-10-20 00:00:00,1,Y,,ر.إ.اعلان مؤقت,
17,رسم ترخيص بإشغال الأملاك العمومية البلدية,N,MRSBINIT,1998-10-20 00:00:00,2,Y,,ر.ت.اشغال أ.ع,
23,رسم على المزايدات,N,MRSBINIT,1998-10-20 00:00:00,2,Y,,ر.مزايدات,
25,رسم على الحيوانات التي تذبح,N,MRSBINIT,1998-10-20 00:00:00,2,Y,,ر.ذبيحة,
27,رسم ترخيص بالترميم,N,MRSBINIT,1998-10-20 00:00:00,2,Y,,ر.ت.بالترميم,
28,رسم تصوينة,N,MRSBINIT,1998-11-03 00:00:00,2,Y,,ر.تصوينة,
29,رسم لصالح صندوق نقابة المهندسين,N,MRSBINIT,1998-11-03 00:00:00,2,Y,,ر.مهندسين,
30,رسم التعمير,N,MRSBINIT,1998-11-03 00:00:00,2,Y,,ر.تعمير,
31,رسم إضافي لصالح المؤسسة العامة للإسكان,N,MRSBINIT,1998-11-03 00:00:00,2,Y,,ر.الاسكان,
33,رسم المرآب السنوي على المؤسسات السياحية,Y,MRSBINIT,2005-11-15 00:00:00,1,Y,,ر. مرآب سنوي,
37,رسم المرآب,N,MRSBINIT,2001-04-25 00:00:00,3,Y,,ر.المرآب,
38,رسم الملجأ,N,MRSBINIT,2001-04-25 00:00:00,3,Y,,ر.الملجأ,
39,رسم الدلالة,N,MRSBINIT,2003-04-10 00:00:00,2,Y,,ر.الدلالة,
42,غرامات الأعمال غير المنفذة من البناء,N,MRSBINIT,2008-03-07 00:00:00,3,Y,,,
207,عائدات البلدية من الصندوق البلدي المستقل,N,MONABA,2005-07-06 00:00:00,3,N,,ص. مستقل,
214,النقد المدور,N,MONABA,2006-01-27 00:00:00,3,N,,ن.م,
216,الهبات والوصايا,N,MONABA,2007-01-13 00:00:00,3,N,,ه.و,
217,المساعدات,N,MONABA,2007-01-31 00:00:00,3,N,,م,
201,رسم الدخول إلى الأماكن الأثرية والسياحية,N,RUSUMINIT,2002-05-31 10:28:54,3,N,,,
202,واردات ناتجة عن أشغال لحساب الغير,N,RUSUMINIT,2002-05-31 10:28:54,3,N,,,
203,رسم وقوف السيارات,N,RUSUMINIT,2002-05-31 10:28:54,3,N,,,
215,سائر العائدات غير الملحوظة,N,MONABA,2006-04-18 00:00:00,3,N,,س.ع.غ.م,
208,ضريبة التحسين,N,RUSUM,2005-09-16 21:22:18,4,N,,,
209,رسم نسبي على تذاكر الدخول لأندية المراهنات,N,RUSUM,2005-09-16 21:22:18,4,N,,,
210,علاوة على ضريبة الأملاك المبنية النسبية,N,RUSUM,2005-09-16 21:22:18,4,N,,,
211,عائدات البلدية من الصندوق المستقل للاسكان,N,RUSUM,2005-09-16 21:22:18,4,N,,,
212,علاوة على قيمة الطاقة الكهربائية المستهلكة,N,RUSUM,2005-09-16 21:22:18,4,N,,,
213,علاوة على قيمة المياه المستهلكة,N,RUSUM,2005-09-16 21:22:18,4,N,,,
43,رسم تعديل,N,RUSUM,2014-03-27 00:00:00,3,Y,,,
44,رسم لصالح الخزينة,N,RUSUM,2014-03-27 00:00:00,3,Y,,,
45,رسم ثكنة قرميد,N,RUSUM,2014-05-05 00:00:00,3,Y,,,
46,رسم هدم,N,RUSUM,2014-05-05 00:00:00,3,Y,,,
47,رسم غواريز,N,RUSUM,2014-05-05 00:00:00,3,Y,,,
48,رسم التسجيل,N,RUSUM,2014-05-05 00:00:00,3,Y,,,
49,رسم جزاء,N,RUSUM,2014-05-05 00:00:00,3,Y,,,
50,رسوم إضافية أخرى,N,RUSUM,2014-05-05 00:00:00,3,Y,,,
501,أمانات متنوعة,N,RUSUM,2014-05-05 00:00:00,3,Y,,,Y
51,سائر العائدات غير الملحوظة,N,RUSUM,2014-08-14 00:00:00,3,Y,,,
52,رسم وقوف السيارات,N,RUSUM,2014-08-14 00:00:00,3,Y,,,
53,رسوم الدخول إلى الأماكن الأثرية والسياحية,N,RUSUM,2014-08-14 00:00:00,3,Y,,,
54,واردات ناتجة عن أشغال لحساب الغير,N,RUSUM,2014-08-14 00:00:00,3,Y,,,
55,االغرامات التي تفرضها المحاكم,N,RUSUM,2014-08-14 00:00:00,3,Y,,,
56,واردات مباشرة غير ملحوظة,N,RUSUM,2014-08-14 00:00:00,3,Y,,,
57,علاوة على ضريبة الاملاك المبنية النسبية,N,RUSUM,2014-08-14 00:00:00,3,Y,,,
58,حصة البلديات من المؤسسة العامة للإسكان,N,RUSUM,2014-08-14 00:00:00,3,Y,,,
63,ضريبة التحسين,N,RUSUM,2014-08-14 00:00:00,3,Y,,,
64,عائدات أخرى,N,RUSUM,2014-08-14 00:00:00,3,Y,,,
65,الحصة العائدة لدعم الموازنة,N,RUSUM,2014-08-14 00:00:00,3,Y,,,
66,الحصة المخصصة لدعم مشاريع التنمية,N,RUSUM,2014-08-14 00:00:00,3,Y,,,
67,الفوائد,N,RUSUM,2014-08-14 00:00:00,3,Y,,,
68,القروض,N,RUSUM,2014-08-14 00:00:00,3,Y,,,
69,المساعدات,N,RUSUM,2014-08-14 00:00:00,3,Y,,,
70,الهبات والوصايا,N,RUSUM,2014-08-14 00:00:00,3,Y,,,
71,ايرادات بيع الأملاك البلدية,N,RUSUM,2014-08-14 00:00:00,3,Y,,,
72,عائدات إيجارات البلدية,N,RUSUM,2014-08-14 00:00:00,3,Y,,,
73,إيرادات الملعب البلدي,N,RUSUM,2014-08-14 00:00:00,3,Y,,,
74,إيرادات سباق الخيل,N,RUSUM,2014-08-14 00:00:00,3,Y,,,
502,رسم إشتراك المياه,N,RUSUM,2014-08-14 00:00:00,3,Y,,,
503,رسم الطابع المالي,N,RUSUM,2015-04-20 00:00:00,3,Y,,,
218,محسومات الصرف من الخدمه,N,RUSUM,2015-04-20 00:00:00,3,Y,,محسومات الصرف,
505,رسم إشتراك الكهرباء,N,RUSUM,2019-01-11 00:00:00,3,Y,,,
504,رسم إشتراك المياه,N,RUSUM,2019-01-11 00:00:00,3,Y,,,
506,تأمينات متنوعة,N,SYSTEM,2023-01-10 00:00:00,3,Y,,,
