FTA_ID,TANSSIB_CODE,TANSSIB_DESC,PART_CODE,PART_DESC,CHAPTER_CODE,CHAPTER_DESC,SECTION_CODE,SECTION_DESC,PARAGRAPH_CODE,PARAGRAPH_DESC
637,04-05,الغرامات,0,,4,العائدات المتنوعة,5,الغرامات,0,
641,04-04,الهبات والوصايا,0,,4,العائدات المتنوعة,4,الهبات والوصايا,0,
642,04-05,الغرامات,0,,4,العائدات المتنوعة,5,الغرامات,0,
643,04-05,الغرامات,0,,4,العائدات المتنوعة,5,الغرامات,0,
647,04-06,حاصلات الأملاك المبنية والمشاعات,0,,4,العائدات المتنوعة,6,حاصلات الأملاك المبنية والمشاعات,0,
648,04-05,الغرامات,0,,4,العائدات المتنوعة,5,الغرامات,0,
649,04-05,الغرامات,0,,4,العائدات المتنوعة,5,الغرامات,0,
653,04-06,حاصلات الأملاك المبنية والمشاعات,0,,4,العائدات المتنوعة,6,حاصلات الأملاك المبنية والمشاعات,0,
654,04-05,الغرامات,0,,4,العائدات المتنوعة,5,الغرامات,0,
655,04-05,الغرامات,0,,4,العائدات المتنوعة,5,الغرامات,0,
659,04-06,حاصلات الأملاك المبنية والمشاعات,0,,4,العائدات المتنوعة,6,حاصلات الأملاك المبنية والمشاعات,0,
660,04-05,الغرامات,0,,4,العائدات المتنوعة,5,الغرامات,0,
661,04-05,الغرامات,0,,4,العائدات المتنوعة,5,الغرامات,0,
665,04-06,حاصلات الأملاك المبنية والمشاعات,0,,4,العائدات المتنوعة,6,حاصلات الأملاك المبنية والمشاعات,0,
147,04-05,الغرامات,0,,4,العائدات المتنوعة,5,الغرامات,0,
148,04-05,الغرامات,0,,4,العائدات المتنوعة,5,الغرامات,0,
149,04-05,الغرامات,0,,4,العائدات المتنوعة,5,الغرامات,0,
150,04-05,الغرامات,0,,4,العائدات المتنوعة,5,الغرامات,0,
151,04-05,الغرامات,0,,4,العائدات المتنوعة,5,الغرامات,0,
152,04-05,الغرامات,0,,4,العائدات المتنوعة,5,الغرامات,0,
153,04-05,الغرامات,0,,4,العائدات المتنوعة,5,الغرامات,0,
154,04-05,الغرامات,0,,4,العائدات المتنوعة,5,الغرامات,0,
155,04-05,الغرامات,0,,4,العائدات المتنوعة,5,الغرامات,0,
156,04-05,الغرامات,0,,4,العائدات المتنوعة,5,الغرامات,0,
157,04-05,الغرامات,0,,4,العائدات المتنوعة,5,الغرامات,0,
158,04-05,الغرامات,0,,4,العائدات المتنوعة,5,الغرامات,0,
159,04-05,الغرامات,0,,4,العائدات المتنوعة,5,الغرامات,0,
160,04-05,الغرامات,0,,4,العائدات المتنوعة,5,الغرامات,0,
276,04-07,النقد المدور,0,,4,العائدات المتنوعة,7,النقد المدور,0,
404,04-05,الغرامات,0,,4,العائدات المتنوعة,5,الغرامات,0,
277,04-09,سائر العائدات غير الملحوظة,0,,4,العائدات المتنوعة,9,سائر العائدات غير الملحوظة,0,
666,04-05,الغرامات,0,,4,العائدات المتنوعة,5,الغرامات,0,
667,04-05,الغرامات,0,,4,العائدات المتنوعة,5,الغرامات,0,
671,04-09,سائر العائدات غير الملحوظة,0,,4,العائدات المتنوعة,9,سائر العائدات غير الملحوظة,0,
672,04-05,الغرامات,0,,4,العائدات المتنوعة,5,الغرامات,0,
673,04-05,الغرامات,0,,4,العائدات المتنوعة,5,الغرامات,0,
683,04-09,سائر العائدات غير الملحوظة,0,,4,العائدات المتنوعة,9,سائر العائدات غير الملحوظة,0,
684,04-05,الغرامات,0,,4,العائدات المتنوعة,5,الغرامات,0,
685,04-05,الغرامات,0,,4,العائدات المتنوعة,5,الغرامات,0,
350,04-04,الهبات والوصايا,0,,4,العائدات المتنوعة,4,الهبات والوصايا,0,
351,04-05,الغرامات,0,,4,العائدات المتنوعة,5,الغرامات,0,
352,04-05,الغرامات,0,,4,العائدات المتنوعة,5,الغرامات,0,
353,04-01,المساعدات,0,,4,العائدات المتنوعة,1,المساعدات,0,
354,04-05,الغرامات,0,,4,العائدات المتنوعة,5,الغرامات,0,
355,04-05,الغرامات,0,,4,العائدات المتنوعة,5,الغرامات,0,
356,04-05,الغرامات,0,,4,العائدات المتنوعة,5,الغرامات,0,
357,04-05,الغرامات,0,,4,العائدات المتنوعة,5,الغرامات,0,
358,04-05,الغرامات,0,,4,العائدات المتنوعة,5,الغرامات,0,
359,04-05,الغرامات,0,,4,العائدات المتنوعة,5,الغرامات,0,
360,02-02,حصة البلديات من المؤسسة العامة للاسكان,0,,2,الرسوم التي تستوفيها الدولة أو المصالح المستقلة أو المؤسسات العامة أو الخاصة وتؤديها مباشرة إلى البلدية المعنية,2,حصة البلديات من المؤسسة العامة للاسكان,0,
361,04-05,الغرامات,0,,4,العائدات المتنوعة,5,الغرامات,0,
362,04-05,الغرامات,0,,4,العائدات المتنوعة,5,الغرامات,0,
363,02-03,رسم نسبي على تذاكر الدخول إلى أندية المراهنات,0,,2,الرسوم التي تستوفيها الدولة أو المصالح المستقلة أو المؤسسات العامة أو الخاصة وتؤديها مباشرة إلى البلدية المعنية,3,رسم نسبي على تذاكر الدخول إلى أندية المراهنات,0,
364,04-05,الغرامات,0,,4,العائدات المتنوعة,5,الغرامات,0,
365,04-05,الغرامات,0,,4,العائدات المتنوعة,5,الغرامات,0,
366,02-07,ضريبة التحسين,0,,2,الرسوم التي تستوفيها الدولة أو المصالح المستقلة أو المؤسسات العامة أو الخاصة وتؤديها مباشرة إلى البلدية المعنية,7,ضريبة التحسين,0,
367,04-05,الغرامات,0,,4,العائدات المتنوعة,5,الغرامات,0,
368,04-05,الغرامات,0,,4,العائدات المتنوعة,5,الغرامات,0,
393,01-28,رسم معاينة على اللحوم الطازجة الواردة من خارج النطاق البلدي,0,,1,الرسوم التي تستوفيها البلدية بطريقة مباشرة من المكلفين,28,رسم معاينة على اللحوم الطازجة الواردة من خارج النطاق البلدي,0,
273,02-01,علاوة على ضريبة الأملاك المبنية النسبية,0,,2,الرسوم التي تستوفيها الدولة أو المصالح المستقلة أو المؤسسات العامة أو الخاصة وتؤديها مباشرة إلى البلدية المعنية,1,علاوة على ضريبة الأملاك المبنية النسبية,0,
242,03-01,الحصة العائدة لدعم الموازنة,0,,3,الرسوم التي تستوفيها الدولة لحساب جميع البلديات (عائدات البلدية من الصندوق البلدي المستقل),1,الحصة العائدة لدعم الموازنة,0,
245,04-05,الغرامات,0,,4,العائدات المتنوعة,5,الغرامات,0,
246,04-05,الغرامات,0,,4,العائدات المتنوعة,5,الغرامات,0,
247,04-05,الغرامات,0,,4,العائدات المتنوعة,5,الغرامات,0,
248,04-05,الغرامات,0,,4,العائدات المتنوعة,5,الغرامات,0,
249,04-05,الغرامات,0,,4,العائدات المتنوعة,5,الغرامات,0,
399,04-05,الغرامات,0,,4,العائدات المتنوعة,5,الغرامات,0,
252,04-05,الغرامات,0,,4,العائدات المتنوعة,5,الغرامات,0,
400,04-05,الغرامات,0,,4,العائدات المتنوعة,5,الغرامات,0,
256,04-05,الغرامات,0,,4,العائدات المتنوعة,5,الغرامات,0,
257,04-05,الغرامات,0,,4,العائدات المتنوعة,5,الغرامات,0,
258,04-05,الغرامات,0,,4,العائدات المتنوعة,5,الغرامات,0,
259,04-05,الغرامات,0,,4,العائدات المتنوعة,5,الغرامات,0,
260,04-05,الغرامات,0,,4,العائدات المتنوعة,5,الغرامات,0,
401,04-05,الغرامات,0,,4,العائدات المتنوعة,5,الغرامات,0,
402,04-05,الغرامات,0,,4,العائدات المتنوعة,5,الغرامات,0,
263,04-05,الغرامات,0,,4,العائدات المتنوعة,5,الغرامات,0,
403,04-05,الغرامات,0,,4,العائدات المتنوعة,5,الغرامات,0,
161,04-05,الغرامات,0,,4,العائدات المتنوعة,5,الغرامات,0,
162,04-05,الغرامات,0,,4,العائدات المتنوعة,5,الغرامات,0,
163,04-05,الغرامات,0,,4,العائدات المتنوعة,5,الغرامات,0,
164,04-05,الغرامات,0,,4,العائدات المتنوعة,5,الغرامات,0,
165,04-05,الغرامات,0,,4,العائدات المتنوعة,5,الغرامات,0,
166,04-05,الغرامات,0,,4,العائدات المتنوعة,5,الغرامات,0,
167,04-05,الغرامات,0,,4,العائدات المتنوعة,5,الغرامات,0,
168,04-05,الغرامات,0,,4,العائدات المتنوعة,5,الغرامات,0,
169,04-05,الغرامات,0,,4,العائدات المتنوعة,5,الغرامات,0,
170,04-05,الغرامات,0,,4,العائدات المتنوعة,5,الغرامات,0,
171,04-05,الغرامات,0,,4,العائدات المتنوعة,5,الغرامات,0,
172,04-05,الغرامات,0,,4,العائدات المتنوعة,5,الغرامات,0,
173,04-05,الغرامات,0,,4,العائدات المتنوعة,5,الغرامات,0,
174,04-05,الغرامات,0,,4,العائدات المتنوعة,5,الغرامات,0,
175,04-05,الغرامات,0,,4,العائدات المتنوعة,5,الغرامات,0,
176,04-05,الغرامات,0,,4,العائدات المتنوعة,5,الغرامات,0,
177,04-05,الغرامات,0,,4,العائدات المتنوعة,5,الغرامات,0,
178,04-05,الغرامات,0,,4,العائدات المتنوعة,5,الغرامات,0,
179,04-05,الغرامات,0,,4,العائدات المتنوعة,5,الغرامات,0,
180,04-05,الغرامات,0,,4,العائدات المتنوعة,5,الغرامات,0,
181,04-05,الغرامات,0,,4,العائدات المتنوعة,5,الغرامات,0,
182,04-05,الغرامات,0,,4,العائدات المتنوعة,5,الغرامات,0,
183,04-05,الغرامات,0,,4,العائدات المتنوعة,5,الغرامات,0,
184,04-05,الغرامات,0,,4,العائدات المتنوعة,5,الغرامات,0,
185,04-05,الغرامات,0,,4,العائدات المتنوعة,5,الغرامات,0,
186,04-05,الغرامات,0,,4,العائدات المتنوعة,5,الغرامات,0,
187,04-05,الغرامات,0,,4,العائدات المتنوعة,5,الغرامات,0,
188,04-05,الغرامات,0,,4,العائدات المتنوعة,5,الغرامات,0,
189,04-05,الغرامات,0,,4,العائدات المتنوعة,5,الغرامات,0,
190,04-05,الغرامات,0,,4,العائدات المتنوعة,5,الغرامات,0,
191,04-05,الغرامات,0,,4,العائدات المتنوعة,5,الغرامات,0,
394,04-05,الغرامات,0,,4,العائدات المتنوعة,5,الغرامات,0,
395,04-05,الغرامات,0,,4,العائدات المتنوعة,5,الغرامات,0,
396,01-17,رسم المرآب,0,,1,الرسوم التي تستوفيها البلدية بطريقة مباشرة من المكلفين,17,رسم المرآب,0,
397,04-05,الغرامات,0,,4,العائدات المتنوعة,5,الغرامات,0,
398,04-05,الغرامات,0,,4,العائدات المتنوعة,5,الغرامات,0,
405,02-05,علاوة على قيمة الطاقة الكهربائية المستهلكة,0,,2,الرسوم التي تستوفيها الدولة أو المصالح المستقلة أو المؤسسات العامة أو الخاصة وتؤديها مباشرة إلى البلدية المعنية,5,علاوة على قيمة الطاقة الكهربائية المستهلكة,0,
406,04-05,الغرامات,0,,4,العائدات المتنوعة,5,الغرامات,0,
407,04-05,الغرامات,0,,4,العائدات المتنوعة,5,الغرامات,0,
408,02-05,الضريبة على القيمة المضافة على قيمة الطاقة الكهربائية المستهلكة,0,,2,الرسوم التي تستوفيها الدولة أو المصالح المستقلة أو المؤسسات العامة أو الخاصة وتؤديها مباشرة إلى البلدية المعنية,5,الضريبة على القيمة المضافة على قيمة الطاقة الكهربائية المستهلكة,0,
441,04-05,الغرامات,0,,4,العائدات المتنوعة,5,الغرامات,0,
442,04-05,الغرامات,0,,4,العائدات المتنوعة,5,الغرامات,0,
443,04-05,الغرامات,0,,4,العائدات المتنوعة,5,الغرامات,0,
444,01-37,غرامات الاعمال غير المنفذة من البناء,0,,1,الرسوم التي تستوفيها البلدية بطريقة مباشرة من المكلفين,37,غرامات الاعمال غير المنفذة من البناء,0,
445,04-05,الغرامات,0,,4,العائدات المتنوعة,5,الغرامات,0,
446,04-05,الغرامات,0,,4,العائدات المتنوعة,5,الغرامات,0,
409,04-05,الغرامات,0,,4,العائدات المتنوعة,5,الغرامات,0,
410,04-05,الغرامات,0,,4,العائدات المتنوعة,5,الغرامات,0,
411,02-06,علاوة على قيمة المياه المستهلكة,0,,2,الرسوم التي تستوفيها الدولة أو المصالح المستقلة أو المؤسسات العامة أو الخاصة وتؤديها مباشرة إلى البلدية المعنية,6,علاوة على قيمة المياه المستهلكة,0,
412,04-05,الغرامات,0,,4,العائدات المتنوعة,5,الغرامات,0,
413,04-05,الغرامات,0,,4,العائدات المتنوعة,5,الغرامات,0,
414,02-06,الضريبة على القيمة المضافة على قيمة المياه المستهلكة,0,,2,الرسوم التي تستوفيها الدولة أو المصالح المستقلة أو المؤسسات العامة أو الخاصة وتؤديها مباشرة إلى البلدية المعنية,6,الضريبة على القيمة المضافة على قيمة المياه المستهلكة,0,
415,04-05,الغرامات,0,,4,العائدات المتنوعة,5,الغرامات,0,
416,04-05,الغرامات,0,,4,العائدات المتنوعة,5,الغرامات,0,
417,02-04,علاوة على قيمة أجور المخابرات وبدل الاشتراك,0,,2,الرسوم التي تستوفيها الدولة أو المصالح المستقلة أو المؤسسات العامة أو الخاصة وتؤديها مباشرة إلى البلدية المعنية,4,علاوة على قيمة أجور المخابرات وبدل الاشتراك,0,
418,04-05,الغرامات,0,,4,العائدات المتنوعة,5,الغرامات,0,
419,04-05,الغرامات,0,,4,العائدات المتنوعة,5,الغرامات,0,
420,02-04,الضريبة على القيمة المضافة على قيمة أجور المخابرات وبدل الاشتراك,0,,2,الرسوم التي تستوفيها الدولة أو المصالح المستقلة أو المؤسسات العامة أو الخاصة وتؤديها مباشرة إلى البلدية المعنية,4,الضريبة على القيمة المضافة على قيمة أجور المخابرات وبدل الاشتراك,0,
421,04-05,الغرامات,0,,4,العائدات المتنوعة,5,الغرامات,0,
422,04-05,الغرامات,0,,4,العائدات المتنوعة,5,الغرامات,0,
97,01-01,رسم على القيمة التأجيرية (سكن),0,,1,الرسوم التي تستوفيها البلدية بطريقة مباشرة من المكلفين,1,رسم على القيمة التأجيرية (سكن),0,
98,01-02,رسم على القيمة التأجيرية (غير سكن),0,,1,الرسوم التي تستوفيها البلدية بطريقة مباشرة من المكلفين,2,رسم على القيمة التأجيرية (غير سكن),0,
99,01-03,رسم صيانة المجارير والأرصفة,0,,1,الرسوم التي تستوفيها البلدية بطريقة مباشرة من المكلفين,3,رسم صيانة المجارير والأرصفة,0,
100,01-04,رسم خاص على تجارة المواد القابلة للإشتعال والإنفجار,0,,1,الرسوم التي تستوفيها البلدية بطريقة مباشرة من المكلفين,4,رسم خاص على تجارة المواد القابلة للإشتعال والإنفجار,0,
107,01-05,رسم الترخيص لأماكن الاجتماع وأندية المراهنات,0,,1,الرسوم التي تستوفيها البلدية بطريقة مباشرة من المكلفين,5,رسم الترخيص لأماكن الاجتماع وأندية المراهنات,0,
109,01-06,رسم الترخيص للإعلان الدائم والمؤقت,0,,1,الرسوم التي تستوفيها البلدية بطريقة مباشرة من المكلفين,6,رسم الترخيص للإعلان الدائم والمؤقت,0,
114,01-07,رسم الترخيص باشغال الأملاك العمومية البلدية,0,,1,الرسوم التي تستوفيها البلدية بطريقة مباشرة من المكلفين,7,رسم الترخيص باشغال الأملاك العمومية البلدية,0,
116,01-08,رسم الترخيص لمحلات ومحطات توزيع المحروقات السائلة,0,,1,الرسوم التي تستوفيها البلدية بطريقة مباشرة من المكلفين,8,رسم الترخيص لمحلات ومحطات توزيع المحروقات السائلة,0,
686,01-11,رسم الترخيص بالبناء,0,,1,الرسوم التي تستوفيها البلدية بطريقة مباشرة من المكلفين,11,رسم الترخيص بالبناء,0,
192,04-05,الغرامات,0,,4,العائدات المتنوعة,5,الغرامات,0,
129,04-05,الغرامات,0,,4,العائدات المتنوعة,5,الغرامات,0,
130,04-05,الغرامات,0,,4,العائدات المتنوعة,5,الغرامات,0,
131,04-05,الغرامات,0,,4,العائدات المتنوعة,5,الغرامات,0,
132,04-05,الغرامات,0,,4,العائدات المتنوعة,5,الغرامات,0,
133,04-05,الغرامات,0,,4,العائدات المتنوعة,5,الغرامات,0,
134,04-05,الغرامات,0,,4,العائدات المتنوعة,5,الغرامات,0,
135,04-05,الغرامات,0,,4,العائدات المتنوعة,5,الغرامات,0,
136,04-05,الغرامات,0,,4,العائدات المتنوعة,5,الغرامات,0,
137,04-05,الغرامات,0,,4,العائدات المتنوعة,5,الغرامات,0,
138,04-05,الغرامات,0,,4,العائدات المتنوعة,5,الغرامات,0,
139,04-05,الغرامات,0,,4,العائدات المتنوعة,5,الغرامات,0,
140,04-05,الغرامات,0,,4,العائدات المتنوعة,5,الغرامات,0,
141,04-05,الغرامات,0,,4,العائدات المتنوعة,5,الغرامات,0,
142,04-05,الغرامات,0,,4,العائدات المتنوعة,5,الغرامات,0,
143,04-05,الغرامات,0,,4,العائدات المتنوعة,5,الغرامات,0,
144,04-05,الغرامات,0,,4,العائدات المتنوعة,5,الغرامات,0,
145,04-05,الغرامات,0,,4,العائدات المتنوعة,5,الغرامات,0,
146,04-05,الغرامات,0,,4,العائدات المتنوعة,5,الغرامات,0,
452,01-11,رسم الترخيص بالبناء,0,,1,الرسوم التي تستوفيها البلدية بطريقة مباشرة من المكلفين,11,رسم الترخيص بالبناء,0,
453,04-05,الغرامات,0,,4,العائدات المتنوعة,5,الغرامات,0,
454,04-05,الغرامات,0,,4,العائدات المتنوعة,5,الغرامات,0,
470,01-15,رسم الترميم,0,,1,الرسوم التي تستوفيها البلدية بطريقة مباشرة من المكلفين,15,رسم الترميم,0,
471,04-05,الغرامات,0,,4,العائدات المتنوعة,5,الغرامات,0,
472,04-05,الغرامات,0,,4,العائدات المتنوعة,5,الغرامات,0,
476,01-15,رسم الترميم,0,,1,الرسوم التي تستوفيها البلدية بطريقة مباشرة من المكلفين,15,رسم الترميم,0,
477,04-05,الغرامات,0,,4,العائدات المتنوعة,5,الغرامات,0,
478,04-05,الغرامات,0,,4,العائدات المتنوعة,5,الغرامات,0,
482,01-15,رسم الترميم,0,,1,الرسوم التي تستوفيها البلدية بطريقة مباشرة من المكلفين,15,رسم الترميم,0,
483,04-05,الغرامات,0,,4,العائدات المتنوعة,5,الغرامات,0,
484,04-05,الغرامات,0,,4,العائدات المتنوعة,5,الغرامات,0,
491,04-09,سائر العائدات غير الملحوظة,0,,4,العائدات المتنوعة,9,سائر العائدات غير الملحوظة,0,
492,04-05,الغرامات,0,,4,العائدات المتنوعة,5,الغرامات,0,
493,04-05,الغرامات,0,,4,العائدات المتنوعة,5,الغرامات,0,
494,04-05,الغرامات,0,,4,العائدات المتنوعة,5,الغرامات,0,
495,04-05,الغرامات,0,,4,العائدات المتنوعة,5,الغرامات,0,
500,04-05,الغرامات,0,,4,العائدات المتنوعة,5,الغرامات,0,
506,04-09,سائر العائدات غير الملحوظة,0,,4,العائدات المتنوعة,9,سائر العائدات غير الملحوظة,0,
507,04-05,الغرامات,0,,4,العائدات المتنوعة,5,الغرامات,0,
508,04-05,الغرامات,0,,4,العائدات المتنوعة,5,الغرامات,0,
515,01-13,رسم إنفاق في وجوه محددة,0,,1,الرسوم التي تستوفيها البلدية بطريقة مباشرة من المكلفين,13,رسم إنفاق في وجوه محددة,0,
516,04-05,الغرامات,0,,4,العائدات المتنوعة,5,الغرامات,0,
517,04-05,الغرامات,0,,4,العائدات المتنوعة,5,الغرامات,0,
521,01-13,رسم إنفاق في وجوه محددة,0,,1,الرسوم التي تستوفيها البلدية بطريقة مباشرة من المكلفين,13,رسم إنفاق في وجوه محددة,0,
522,04-05,الغرامات,0,,4,العائدات المتنوعة,5,الغرامات,0,
523,04-05,الغرامات,0,,4,العائدات المتنوعة,5,الغرامات,0,
527,04-09,سائر العائدات غير الملحوظة,0,,4,العائدات المتنوعة,9,سائر العائدات غير الملحوظة,0,
528,04-05,الغرامات,0,,4,العائدات المتنوعة,5,الغرامات,0,
529,04-05,الغرامات,0,,4,العائدات المتنوعة,5,الغرامات,0,
533,01-29,رسوم وقوف السيارات في الأملاك البلدية العمومية,0,,1,الرسوم التي تستوفيها البلدية بطريقة مباشرة من المكلفين,29,رسوم وقوف السيارات في الأملاك البلدية العمومية,0,
534,04-05,الغرامات,0,,4,العائدات المتنوعة,5,الغرامات,0,
535,04-05,الغرامات,0,,4,العائدات المتنوعة,5,الغرامات,0,
539,01-30,رسوم الدخول إلى الأماكن الأثرية والسياحية,0,,1,الرسوم التي تستوفيها البلدية بطريقة مباشرة من المكلفين,30,رسوم الدخول إلى الأماكن الأثرية والسياحية,0,
540,04-05,الغرامات,0,,4,العائدات المتنوعة,5,الغرامات,0,
541,04-05,الغرامات,0,,4,العائدات المتنوعة,5,الغرامات,0,
545,01-33,واردات ناتجة عن أشغال لحساب الغير,0,,1,الرسوم التي تستوفيها البلدية بطريقة مباشرة من المكلفين,33,واردات ناتجة عن أشغال لحساب الغير,0,
546,04-05,الغرامات,0,,4,العائدات المتنوعة,5,الغرامات,0,
547,04-05,الغرامات,0,,4,العائدات المتنوعة,5,الغرامات,0,
118,01-09,رسم الترخيص للمؤسسات المصنفة,0,,1,الرسوم التي تستوفيها البلدية بطريقة مباشرة من المكلفين,9,رسم الترخيص للمؤسسات المصنفة,0,
121,01-10,رسم الترخيص باحتراف المهن بالتجول,0,,1,الرسوم التي تستوفيها البلدية بطريقة مباشرة من المكلفين,10,رسم الترخيص باحتراف المهن بالتجول,0,
105,01-11,رسم الترخيص بالبناء,0,,1,الرسوم التي تستوفيها البلدية بطريقة مباشرة من المكلفين,11,رسم الترخيص بالبناء,0,
102,01-11,رسم الترخيص بالبناء,0,,1,الرسوم التي تستوفيها البلدية بطريقة مباشرة من المكلفين,11,رسم الترخيص بالبناء,0,
103,01-12,رسم إستعمال الأملاك والمنشآت العامة البلدية,0,,1,الرسوم التي تستوفيها البلدية بطريقة مباشرة من المكلفين,12,رسم إستعمال الأملاك والمنشآت العامة البلدية,0,
104,01-13,رسم إنفاق في وجوه محددة,0,,1,الرسوم التي تستوفيها البلدية بطريقة مباشرة من المكلفين,13,رسم إنفاق في وجوه محددة,0,
125,01-14,رسم تصوينة,0,,1,الرسوم التي تستوفيها البلدية بطريقة مباشرة من المكلفين,14,رسم تصوينة,0,
124,01-15,رسم الترميم,0,,1,الرسوم التي تستوفيها البلدية بطريقة مباشرة من المكلفين,15,رسم الترميم,0,
106,01-16,رسم إنشاء مجارير وأرصفة,0,,1,الرسوم التي تستوفيها البلدية بطريقة مباشرة من المكلفين,16,رسم إنشاء مجارير وأرصفة,0,
127,01-17,رسم المرآب,0,,1,الرسوم التي تستوفيها البلدية بطريقة مباشرة من المكلفين,17,رسم المرآب,0,
108,01-18,رسم الإستثمار لأماكن الإجتماع وأندية المراهنات,0,,1,الرسوم التي تستوفيها البلدية بطريقة مباشرة من المكلفين,18,رسم الإستثمار لأماكن الإجتماع وأندية المراهنات,0,
111,01-19,رسم الإستثمار للإعلان الدائم,0,,1,الرسوم التي تستوفيها البلدية بطريقة مباشرة من المكلفين,19,رسم الإستثمار للإعلان الدائم,0,
112,01-20,رسم الإستثمار للإعلان المؤقت,0,,1,الرسوم التي تستوفيها البلدية بطريقة مباشرة من المكلفين,20,رسم الإستثمار للإعلان المؤقت,0,
115,01-21,رسم الإستثمار لاشغال الأملاك العمومية البلدية,0,,1,الرسوم التي تستوفيها البلدية بطريقة مباشرة من المكلفين,21,رسم الإستثمار لاشغال الأملاك العمومية البلدية,0,
117,01-22,رسم الإستثمار لمحلات ومحطات المحروقات السائلة,0,,1,الرسوم التي تستوفيها البلدية بطريقة مباشرة من المكلفين,22,رسم الإستثمار لمحلات ومحطات المحروقات السائلة,0,
119,01-23,رسم الإستثمار للمحركات المستعملة في المؤسسات الصناعية,0,,1,الرسوم التي تستوفيها البلدية بطريقة مباشرة من المكلفين,23,رسم الإستثمار للمحركات المستعملة في المؤسسات الصناعية,0,
126,01-24,رسم إستثمار على الإعلانات التي تعرض في دور السينما,0,,1,الرسوم التي تستوفيها البلدية بطريقة مباشرة من المكلفين,24,رسم إستثمار على الإعلانات التي تعرض في دور السينما,0,
113,01-25,رسم إستثمار اسبوعي للإعلان خارج دور السينما,0,,1,الرسوم التي تستوفيها البلدية بطريقة مباشرة من المكلفين,25,رسم إستثمار اسبوعي للإعلان خارج دور السينما,0,
128,01-26,الرسم النسبي على المزايدات,0,,1,الرسوم التي تستوفيها البلدية بطريقة مباشرة من المكلفين,26,الرسم النسبي على المزايدات,0,
120,01-26,الرسم النسبي على المزايدات,0,,1,الرسوم التي تستوفيها البلدية بطريقة مباشرة من المكلفين,26,الرسم النسبي على المزايدات,0,
122,01-27,رسم على الحيوانات التي تذبح في النطاق البلدي,0,,1,الرسوم التي تستوفيها البلدية بطريقة مباشرة من المكلفين,27,رسم على الحيوانات التي تذبح في النطاق البلدي,0,
269,01-29,رسوم وقوف السيارات في الأملاك البلدية العمومية,0,,1,الرسوم التي تستوفيها البلدية بطريقة مباشرة من المكلفين,29,رسوم وقوف السيارات في الأملاك البلدية العمومية,0,
267,01-30,رسوم الدخول إلى الأماكن الأثرية والسياحية,0,,1,الرسوم التي تستوفيها البلدية بطريقة مباشرة من المكلفين,30,رسوم الدخول إلى الأماكن الأثرية والسياحية,0,
101,01-31,رسم تسجيل عقود الإيجار,0,,1,الرسوم التي تستوفيها البلدية بطريقة مباشرة من المكلفين,31,رسم تسجيل عقود الإيجار,0,
123,01-32,رسوم إعطاء البيانات والإفادات والدروس الفنية,0,,1,الرسوم التي تستوفيها البلدية بطريقة مباشرة من المكلفين,32,رسوم إعطاء البيانات والإفادات والدروس الفنية,0,
268,01-33,واردات ناتجة عن أشغال لحساب الغير,0,,1,الرسوم التي تستوفيها البلدية بطريقة مباشرة من المكلفين,33,واردات ناتجة عن أشغال لحساب الغير,0,
270,01-34,الغرامات التي تفرضها المحاكم بسبب مخالفة الأنظمة,0,,1,الرسوم التي تستوفيها البلدية بطريقة مباشرة من المكلفين,34,الغرامات التي تفرضها المحاكم بسبب مخالفة الأنظمة,0,
110,01-35,رسوم وغرامات تسوية مخالفات البناء,0,,1,الرسوم التي تستوفيها البلدية بطريقة مباشرة من المكلفين,35,رسوم وغرامات تسوية مخالفات البناء,0,
551,01-34,الغرامات التي تفرضها المحاكم بسبب مخالفة الأنظمة,0,,1,الرسوم التي تستوفيها البلدية بطريقة مباشرة من المكلفين,34,الغرامات التي تفرضها المحاكم بسبب مخالفة الأنظمة,0,
552,04-05,الغرامات,0,,4,العائدات المتنوعة,5,الغرامات,0,
553,04-05,الغرامات,0,,4,العائدات المتنوعة,5,الغرامات,0,
557,01-36,واردات مباشرة غير ملحوظة,0,,1,الرسوم التي تستوفيها البلدية بطريقة مباشرة من المكلفين,36,واردات مباشرة غير ملحوظة,0,
558,04-05,الغرامات,0,,4,العائدات المتنوعة,5,الغرامات,0,
559,04-05,الغرامات,0,,4,العائدات المتنوعة,5,الغرامات,0,
563,02-01,علاوة على ضريبة الأملاك المبنية النسبية,0,,2,الرسوم التي تستوفيها الدولة أو المصالح المستقلة أو المؤسسات العامة أو الخاصة وتؤديها مباشرة إلى البلدية المعنية,1,علاوة على ضريبة الأملاك المبنية النسبية,0,
564,04-05,الغرامات,0,,4,العائدات المتنوعة,5,الغرامات,0,
565,04-05,الغرامات,0,,4,العائدات المتنوعة,5,الغرامات,0,
569,02-02,حصة البلديات من المؤسسة العامة للاسكان,0,,2,الرسوم التي تستوفيها الدولة أو المصالح المستقلة أو المؤسسات العامة أو الخاصة وتؤديها مباشرة إلى البلدية المعنية,2,حصة البلديات من المؤسسة العامة للاسكان,0,
570,04-05,الغرامات,0,,4,العائدات المتنوعة,5,الغرامات,0,
571,04-05,الغرامات,0,,4,العائدات المتنوعة,5,الغرامات,0,
575,02-03,رسم نسبي على تذاكر الدخول إلى أندية المراهنات,0,,2,الرسوم التي تستوفيها الدولة أو المصالح المستقلة أو المؤسسات العامة أو الخاصة وتؤديها مباشرة إلى البلدية المعنية,3,رسم نسبي على تذاكر الدخول إلى أندية المراهنات,0,
576,04-05,الغرامات,0,,4,العائدات المتنوعة,5,الغرامات,0,
577,04-05,الغرامات,0,,4,العائدات المتنوعة,5,الغرامات,0,
581,02-04,الضريبة على القيمة المضافة على قيمة أجور المخابرات وبدل الاشتراك,0,,2,الرسوم التي تستوفيها الدولة أو المصالح المستقلة أو المؤسسات العامة أو الخاصة وتؤديها مباشرة إلى البلدية المعنية,4,الضريبة على القيمة المضافة على قيمة أجور المخابرات وبدل الاشتراك,0,
582,04-05,الغرامات,0,,4,العائدات المتنوعة,5,الغرامات,0,
583,04-05,الغرامات,0,,4,العائدات المتنوعة,5,الغرامات,0,
587,02-05,الضريبة على القيمة المضافة على قيمة الطاقة الكهربائية المستهلكة,0,,2,الرسوم التي تستوفيها الدولة أو المصالح المستقلة أو المؤسسات العامة أو الخاصة وتؤديها مباشرة إلى البلدية المعنية,5,الضريبة على القيمة المضافة على قيمة الطاقة الكهربائية المستهلكة,0,
588,04-05,الغرامات,0,,4,العائدات المتنوعة,5,الغرامات,0,
589,04-05,الغرامات,0,,4,العائدات المتنوعة,5,الغرامات,0,
593,02-06,الضريبة على القيمة المضافة على قيمة المياه المستهلكة,0,,2,الرسوم التي تستوفيها الدولة أو المصالح المستقلة أو المؤسسات العامة أو الخاصة وتؤديها مباشرة إلى البلدية المعنية,6,الضريبة على القيمة المضافة على قيمة المياه المستهلكة,0,
594,04-05,الغرامات,0,,4,العائدات المتنوعة,5,الغرامات,0,
595,04-05,الغرامات,0,,4,العائدات المتنوعة,5,الغرامات,0,
599,02-07,ضريبة التحسين,0,,2,الرسوم التي تستوفيها الدولة أو المصالح المستقلة أو المؤسسات العامة أو الخاصة وتؤديها مباشرة إلى البلدية المعنية,7,ضريبة التحسين,0,
600,04-05,الغرامات,0,,4,العائدات المتنوعة,5,الغرامات,0,
601,04-05,الغرامات,0,,4,العائدات المتنوعة,5,الغرامات,0,
605,02-08,عائدات أخرى,0,,2,الرسوم التي تستوفيها الدولة أو المصالح المستقلة أو المؤسسات العامة أو الخاصة وتؤديها مباشرة إلى البلدية المعنية,8,عائدات أخرى,0,
606,04-05,الغرامات,0,,4,العائدات المتنوعة,5,الغرامات,0,
607,04-05,الغرامات,0,,4,العائدات المتنوعة,5,الغرامات,0,
611,03-01,الحصة العائدة لدعم الموازنة,0,,3,الرسوم التي تستوفيها الدولة لحساب جميع البلديات (عائدات البلدية من الصندوق البلدي المستقل),1,الحصة العائدة لدعم الموازنة,0,
612,04-05,الغرامات,0,,4,العائدات المتنوعة,5,الغرامات,0,
613,04-05,الغرامات,0,,4,العائدات المتنوعة,5,الغرامات,0,
617,03-02,الحصة المخصصة لدعم مشاريع التنمية,0,,3,الرسوم التي تستوفيها الدولة لحساب جميع البلديات (عائدات البلدية من الصندوق البلدي المستقل),2,الحصة المخصصة لدعم مشاريع التنمية,0,
618,04-05,الغرامات,0,,4,العائدات المتنوعة,5,الغرامات,0,
619,04-05,الغرامات,0,,4,العائدات المتنوعة,5,الغرامات,0,
623,04-02,الفوائد,0,,4,العائدات المتنوعة,2,الفوائد,0,
624,04-05,الغرامات,0,,4,العائدات المتنوعة,5,الغرامات,0,
625,04-05,الغرامات,0,,4,العائدات المتنوعة,5,الغرامات,0,
629,04-03,القروض,0,,4,العائدات المتنوعة,3,القروض,0,
630,04-05,الغرامات,0,,4,العائدات المتنوعة,5,الغرامات,0,
631,04-05,الغرامات,0,,4,العائدات المتنوعة,5,الغرامات,0,
635,04-01,المساعدات,0,,4,العائدات المتنوعة,1,المساعدات,0,
636,04-05,الغرامات,0,,4,العائدات المتنوعة,5,الغرامات,0,
