CHAPTER_TYPE,CHAPTER,SECTION,PARAGRAPH,DESCRIPT,BUDGET_YEAR
I,4,9,1,سائر العائدات غير الملحوظة,2024
E,1,1,1,تعويضات الرئاسة,2025
E,1,2,1,رواتب الموظفين,2025
E,1,3,1,بدلات التعاقد,2025
E,1,4,1,أجور الأجراء,2025
E,1,5,1,عائدات الجباية والغرامة,2025
E,1,6,1,المكافآت والتعويضات والتقديمات المختلفة,2025
E,1,7,1,اللوازم,2025
E,1,8,1,الملابس,2025
E,1,9,1,بدلات الإيجار والخدمات المشتركة,2025
E,1,10,1,المخابرات الهاتفية والبريد والبرق,2025
E,1,11,1,نفقات إدارية أخرى,2025
E,2,1,1,التجهيزات,2025
E,2,2,1,صيانة التجهيزات والآليات,2025
E,2,3,1,المفروشات,2025
E,2,4,1,النظافة العامة,2025
E,2,5,1,صيانة المباني,2025
E,2,6,1,شراء الآليات,2025
E,2,7,1,مكافحة الحشرات,2025
E,2,8,1,لوازم التنظيفات,2025
E,2,9,1,المحروقات,2025
E,2,10,1,أجور النقل والانتقال,2025
E,2,11,1,أجور العمّال اليوميين,2025
E,2,12,1,بدلات استهلاك الكهرباء,2025
E,2,13,1,بدلات اشتراك المياه,2025
E,2,14,1,صيانة الطرق العامة,2025
E,2,15,1,صيانة شبكات المياه,2025
E,2,16,1,صيانة شبكات الإنارة العامة,2025
E,3,1,1,إنشاء المباني,2025
E,3,2,1,إنشاء شبكات الإنارة العامة,2025
E,3,3,1,إنشاء شبكات المياه,2025
E,3,4,1,إنشاء شبكات المجارير,2025
E,3,5,1,إنشاء الطرق العامة والأرصفة والأقنية,2025
E,3,6,1,إنشاء الحدائق,2025
E,3,7,1,إنشاء الملاعب والمسابح,2025
E,3,8,1,إنشاءات أخرى,2025
E,3,9,1,نفقات الدروس,2025
E,3,10,1,تعويضات الإستملاك,2025
E,3,11,1,شراء الأبنية,2025
E,3,12,1,شراء العقارات,2025
E,4,1,1,التخصيصات الصحية,2025
E,4,2,1,مساعدة المعوزين,2025
E,4,3,1,مساعدة الأوقاف الخيرية,2025
E,4,4,1,المساهمة في النشاطات الثقافية,2025
E,4,5,1,المساهمة في النشاطات التربوية,2025
E,4,6,1,المساهمة في النشاطات الرياضية,2025
E,4,7,1,المساهمة في النشاطات الاجتماعية,2025
E,4,8,1,المنح والجوائز المدرسية,2025
E,4,9,1,مساعدة المدارس,2025
E,4,10,1,مساعدة المكتبات,2025
E,4,11,1,مساعدة الهيئات التي لا تتوخّى الربح,2025
E,4,12,1,مساهمات إلى القطاع العام,2025
E,5,1,1,الاستقبالات,2025
E,5,2,1,الاحتفالات والمهرجانات,2025
E,5,3,1,رسوم الدعاوى والأحكام والمصالحات وأتعاب المحاماة,2025
E,5,4,1,المساهمة في موازنة اتحاد البلديات,2025
E,5,5,1,رديات,2025
E,5,6,1,نفقات التأمين,2025
E,5,7,1,إيفاء القروض,2025
E,5,9,1,المصاريف الأخرى غير الملحوظة,2025
E,6,1,1,احتياط الموازنة,2025
I,1,1,1,رسم على القيمة التأجيرية (سكن),2025
I,1,2,1,رسم على القيمة التأجيرية (غير سكن),2025
I,1,3,1,رسم صيانة المجارير والأرصفة,2025
I,1,4,1,رسم خاص على تجارة المواد القابلة للإشتعال والإنفجار,2025
I,1,5,1,رسم الترخيص لأماكن الاجتماع وأندية المراهنات,2025
I,1,6,1,رسم الترخيص للإعلان الدائم والمؤقت,2025
I,1,7,1,رسم الترخيص باشغال الأملاك العمومية البلدية,2025
I,1,8,1,رسم الترخيص لمحلات ومحطات توزيع المحروقات السائلة,2025
I,1,9,1,رسم الترخيص للمؤسسات المصنفة,2025
I,1,10,1,رسم الترخيص باحتراف المهن بالتجول,2025
I,1,11,1,رسم الترخيص بالبناء,2025
I,1,12,1,رسم إستعمال الأملاك والمنشآت العامة البلدية,2025
I,1,13,1,رسم إنفاق في وجوه محددة,2025
I,1,14,1,رسم تصوينة,2025
I,1,15,1,رسم الترميم,2025
I,1,16,1,رسم إنشاء مجارير وأرصفة,2025
I,1,17,1,رسم المرآب,2025
I,1,18,1,رسم الإستثمار لأماكن الإجتماع وأندية المراهنات,2025
I,1,19,1,رسم الإستثمار للإعلان الدائم,2025
I,1,20,1,رسم الإستثمار للإعلان المؤقت,2025
I,1,21,1,رسم الإستثمار لاشغال الأملاك العمومية البلدية,2025
I,1,22,1,رسم الإستثمار لمحلات ومحطات المحروقات السائلة,2025
I,1,23,1,رسم الإستثمار للمحركات المستعملة في المؤسسات الصناعية,2025
I,1,24,1,رسم إستثمار على الإعلانات التي تعرض في دور السينما,2025
I,1,25,1,رسم إستثمار اسبوعي للإعلان خارج دور السينما,2025
I,1,26,1,الرسم النسبي على المزايدات,2025
I,1,27,1,رسم على الحيوانات التي تذبح في النطاق البلدي,2025
I,1,28,1,رسم معاينة على اللحوم الطازجة الواردة من خارج النطاق البلدي,2025
I,1,29,1,رسوم وقوف السيارات في الأملاك البلدية العمومية,2025
I,1,30,1,رسوم الدخول إلى الأماكن الأثرية والسياحية,2025
I,1,31,1,رسم تسجيل عقود الإيجار,2025
I,1,32,1,رسوم إعطاء البيانات والإفادات والدروس الفنية,2025
I,1,33,1,واردات ناتجة عن أشغال لحساب الغير,2025
I,1,34,1,الغرامات التي تفرضها المحاكم بسبب مخالفة الأنظمة,2025
I,1,35,1,رسوم وغرامات تسوية مخالفات البناء,2025
I,1,36,1,واردات مباشرة غير ملحوظة,2025
I,1,37,1,غرامات الاعمال غير المنفذة من البناء,2025
I,1,38,1,رسم المرآب السنوي على المؤسسات السياحية,2025
I,2,1,1,علاوة على ضريبة الأملاك المبنية النسبية,2025
I,2,2,1,حصة البلديات من المؤسسة العامة للاسكان,2025
I,2,3,1,رسم نسبي على تذاكر الدخول إلى أندية المراهنات,2025
I,2,4,1,الضريبة على القيمة المضافة على قيمة أجور المخابرات وبدل الاشتراك,2025
I,2,5,1,الضريبة على القيمة المضافة على قيمة الطاقة الكهربائية المستهلكة,2025
I,2,6,1,الضريبة على القيمة المضافة على قيمة المياه المستهلكة,2025
I,2,7,1,ضريبة التحسين,2025
I,2,8,1,عائدات أخرى,2025
I,3,1,1,الحصة العائدة لدعم الموازنة,2025
I,3,2,1,الحصة المخصصة لدعم مشاريع التنمية,2025
I,4,1,1,المساعدات,2025
I,4,2,1,الفوائد,2025
I,4,3,1,القروض,2025
I,4,4,1,الهبات والوصايا,2025
I,4,5,1,الغرامات,2025
I,4,6,1,حاصلات الأملاك المبنية والمشاعات,2025
I,4,7,1,النقد المدور,2025
I,4,9,1,سائر العائدات غير الملحوظة,2025
E,1,1,1,تعويضات الرئاسة,2026
E,1,2,1,رواتب الموظفين,2026
E,1,3,1,بدلات التعاقد,2026
E,1,4,1,أجور الأجراء,2026
E,1,5,1,عائدات الجباية والغرامة,2026
E,1,6,1,المكافآت والتعويضات والتقديمات المختلفة,2026
E,1,7,1,اللوازم,2026
E,1,8,1,الملابس,2026
E,1,9,1,بدلات الإيجار والخدمات المشتركة,2026
E,1,10,1,المخابرات الهاتفية والبريد والبرق,2026
E,1,11,1,نفقات إدارية أخرى,2026
E,2,1,1,التجهيزات,2026
E,2,2,1,صيانة التجهيزات والآليات,2026
E,2,3,1,المفروشات,2026
E,2,4,1,النظافة العامة,2026
E,2,5,1,صيانة المباني,2026
E,2,6,1,شراء الآليات,2026
E,2,7,1,مكافحة الحشرات,2026
E,2,8,1,لوازم التنظيفات,2026
E,2,9,1,المحروقات,2026
E,2,10,1,أجور النقل والانتقال,2026
E,2,11,1,أجور العمّال اليوميين,2026
E,2,12,1,بدلات استهلاك الكهرباء,2026
E,2,13,1,بدلات اشتراك المياه,2026
E,2,14,1,صيانة الطرق العامة,2026
E,2,15,1,صيانة شبكات المياه,2026
E,2,16,1,صيانة شبكات الإنارة العامة,2026
E,3,1,1,إنشاء المباني,2026
E,3,2,1,إنشاء شبكات الإنارة العامة,2026
E,3,3,1,إنشاء شبكات المياه,2026
E,3,4,1,إنشاء شبكات المجارير,2026
E,3,5,1,إنشاء الطرق العامة والأرصفة والأقنية,2026
E,3,6,1,إنشاء الحدائق,2026
E,3,7,1,إنشاء الملاعب والمسابح,2026
E,3,8,1,إنشاءات أخرى,2026
E,3,9,1,نفقات الدروس,2026
E,3,10,1,تعويضات الإستملاك,2026
E,3,11,1,شراء الأبنية,2026
E,3,12,1,شراء العقارات,2026
E,4,1,1,التخصيصات الصحية,2026
E,4,2,1,مساعدة المعوزين,2026
E,4,3,1,مساعدة الأوقاف الخيرية,2026
E,4,4,1,المساهمة في النشاطات الثقافية,2026
E,4,5,1,المساهمة في النشاطات التربوية,2026
E,4,6,1,المساهمة في النشاطات الرياضية,2026
E,4,7,1,المساهمة في النشاطات الاجتماعية,2026
E,4,8,1,المنح والجوائز المدرسية,2026
E,4,9,1,مساعدة المدارس,2026
E,4,10,1,مساعدة المكتبات,2026
E,4,11,1,مساعدة الهيئات التي لا تتوخّى الربح,2026
E,4,12,1,مساهمات إلى القطاع العام,2026
E,5,1,1,الاستقبالات,2026
E,5,2,1,الاحتفالات والمهرجانات,2026
E,5,3,1,رسوم الدعاوى والأحكام والمصالحات وأتعاب المحاماة,2026
E,5,4,1,المساهمة في موازنة اتحاد البلديات,2026
E,5,5,1,رديات,2026
E,5,6,1,نفقات التأمين,2026
E,5,7,1,إيفاء القروض,2026
E,5,9,1,المصاريف الأخرى غير الملحوظة,2026
E,6,1,1,احتياط الموازنة,2026
I,1,1,1,رسم على القيمة التأجيرية (سكن),2026
I,1,2,1,رسم على القيمة التأجيرية (غير سكن),2026
I,1,3,1,رسم صيانة المجارير والأرصفة,2026
I,1,4,1,رسم خاص على تجارة المواد القابلة للإشتعال والإنفجار,2026
I,1,5,1,رسم الترخيص لأماكن الاجتماع وأندية المراهنات,2026
I,1,6,1,رسم الترخيص للإعلان الدائم والمؤقت,2026
I,1,7,1,رسم الترخيص باشغال الأملاك العمومية البلدية,2026
I,1,8,1,رسم الترخيص لمحلات ومحطات توزيع المحروقات السائلة,2026
I,1,9,1,رسم الترخيص للمؤسسات المصنفة,2026
I,1,10,1,رسم الترخيص باحتراف المهن بالتجول,2026
I,1,11,1,رسم الترخيص بالبناء,2026
I,1,12,1,رسم إستعمال الأملاك والمنشآت العامة البلدية,2026
I,1,13,1,رسم إنفاق في وجوه محددة,2026
I,1,14,1,رسم تصوينة,2026
I,1,15,1,رسم الترميم,2026
I,1,16,1,رسم إنشاء مجارير وأرصفة,2026
I,1,17,1,رسم المرآب,2026
I,1,18,1,رسم الإستثمار لأماكن الإجتماع وأندية المراهنات,2026
I,1,19,1,رسم الإستثمار للإعلان الدائم,2026
I,1,20,1,رسم الإستثمار للإعلان المؤقت,2026
I,1,21,1,رسم الإستثمار لاشغال الأملاك العمومية البلدية,2026
I,1,22,1,رسم الإستثمار لمحلات ومحطات المحروقات السائلة,2026
I,1,23,1,رسم الإستثمار للمحركات المستعملة في المؤسسات الصناعية,2026
I,1,24,1,رسم إستثمار على الإعلانات التي تعرض في دور السينما,2026
I,1,25,1,رسم إستثمار اسبوعي للإعلان خارج دور السينما,2026
I,1,26,1,الرسم النسبي على المزايدات,2026
I,1,27,1,رسم على الحيوانات التي تذبح في النطاق البلدي,2026
I,1,28,1,رسم معاينة على اللحوم الطازجة الواردة من خارج النطاق البلدي,2026
I,1,29,1,رسوم وقوف السيارات في الأملاك البلدية العمومية,2026
I,1,30,1,رسوم الدخول إلى الأماكن الأثرية والسياحية,2026
I,1,31,1,رسم تسجيل عقود الإيجار,2026
I,1,32,1,رسوم إعطاء البيانات والإفادات والدروس الفنية,2026
I,1,33,1,واردات ناتجة عن أشغال لحساب الغير,2026
I,1,34,1,الغرامات التي تفرضها المحاكم بسبب مخالفة الأنظمة,2026
I,1,35,1,رسوم وغرامات تسوية مخالفات البناء,2026
I,1,36,1,واردات مباشرة غير ملحوظة,2026
I,1,37,1,غرامات الاعمال غير المنفذة من البناء,2026
I,1,38,1,رسم المرآب السنوي على المؤسسات السياحية,2026
I,2,1,1,علاوة على ضريبة الأملاك المبنية النسبية,2026
I,2,2,1,حصة البلديات من المؤسسة العامة للاسكان,2026
I,2,3,1,رسم نسبي على تذاكر الدخول إلى أندية المراهنات,2026
I,2,4,1,الضريبة على القيمة المضافة على قيمة أجور المخابرات وبدل الاشتراك,2026
I,2,5,1,الضريبة على القيمة المضافة على قيمة الطاقة الكهربائية المستهلكة,2026
I,2,6,1,الضريبة على القيمة المضافة على قيمة المياه المستهلكة,2026
I,2,7,1,ضريبة التحسين,2026
I,2,8,1,عائدات أخرى,2026
I,3,1,1,الحصة العائدة لدعم الموازنة,2026
I,3,2,1,الحصة المخصصة لدعم مشاريع التنمية,2026
E,1,1,1,تعويضات الرئاسة,2022
E,1,2,1,رواتب الموظفين,2022
E,1,3,1,بدلات التعاقد,2022
E,1,4,1,أجور الأجراء,2022
E,1,5,1,عائدات الجباية والغرامة,2022
E,1,6,1,المكافآت والتعويضات والتقديمات المختلفة,2022
E,1,7,1,اللوازم,2022
E,1,8,1,الملابس,2022
E,1,9,1,بدلات الإيجار والخدمات المشتركة,2022
E,1,10,1,المخابرات الهاتفية والبريد والبرق,2022
E,1,11,1,نفقات إدارية أخرى,2022
E,2,1,1,التجهيزات,2022
E,2,2,1,صيانة التجهيزات والآليات,2022
E,2,3,1,المفروشات,2022
E,2,4,1,النظافة العامة,2022
E,2,5,1,صيانة المباني,2022
E,2,6,1,شراء الآليات,2022
E,2,7,1,مكافحة الحشرات,2022
E,2,8,1,لوازم التنظيفات,2022
E,2,9,1,المحروقات,2022
E,2,10,1,أجور النقل والانتقال,2022
E,2,11,1,أجور العمّال اليوميين,2022
E,2,12,1,بدلات استهلاك الكهرباء,2022
E,2,13,1,بدلات اشتراك المياه,2022
E,2,14,1,صيانة الطرق العامة,2022
E,2,15,1,صيانة شبكات المياه,2022
E,2,16,1,صيانة شبكات الإنارة العامة,2022
E,3,1,1,إنشاء المباني,2022
E,3,2,1,إنشاء شبكات الإنارة العامة,2022
E,3,3,1,إنشاء شبكات المياه,2022
E,3,4,1,إنشاء شبكات المجارير,2022
E,3,5,1,إنشاء الطرق العامة والأرصفة والأقنية,2022
E,3,6,1,إنشاء الحدائق,2022
E,3,7,1,إنشاء الملاعب والمسابح,2022
E,3,8,1,إنشاءات أخرى,2022
E,3,9,1,نفقات الدروس,2022
E,3,10,1,تعويضات الإستملاك,2022
E,3,11,1,شراء الأبنية,2022
E,3,12,1,شراء العقارات,2022
E,4,1,1,التخصيصات الصحية,2022
E,4,2,1,مساعدة المعوزين,2022
E,4,3,1,مساعدة الأوقاف الخيرية,2022
E,4,4,1,المساهمة في النشاطات الثقافية,2022
E,4,5,1,المساهمة في النشاطات التربوية,2022
E,4,6,1,المساهمة في النشاطات الرياضية,2022
E,4,7,1,المساهمة في النشاطات الاجتماعية,2022
E,4,8,1,المنح والجوائز المدرسية,2022
E,4,9,1,مساعدة المدارس,2022
E,4,10,1,مساعدة المكتبات,2022
E,4,11,1,مساعدة الهيئات التي لا تتوخّى الربح,2022
E,4,12,1,مساهمات إلى القطاع العام,2022
E,5,1,1,الاستقبالات,2022
E,5,2,1,الاحتفالات والمهرجانات,2022
E,5,3,1,رسوم الدعاوى والأحكام والمصالحات وأتعاب المحاماة,2022
E,5,4,1,المساهمة في موازنة اتحاد البلديات,2022
E,5,5,1,رديات,2022
E,5,6,1,نفقات التأمين,2022
E,5,7,1,إيفاء القروض,2022
E,5,9,1,المصاريف الأخرى غير الملحوظة,2022
E,6,1,1,احتياط الموازنة,2022
I,1,1,1,رسم على القيمة التأجيرية (سكن),2022
I,1,2,1,رسم على القيمة التأجيرية (غير سكن),2022
I,1,3,1,رسم صيانة المجارير والأرصفة,2022
I,1,4,1,رسم خاص على تجارة المواد القابلة للإشتعال والإنفجار,2022
I,1,5,1,رسم الترخيص لأماكن الاجتماع وأندية المراهنات,2022
I,1,6,1,رسم الترخيص للإعلان الدائم والمؤقت,2022
I,1,7,1,رسم الترخيص باشغال الأملاك العمومية البلدية,2022
I,1,8,1,رسم الترخيص لمحلات ومحطات توزيع المحروقات السائلة,2022
I,1,9,1,رسم الترخيص للمؤسسات المصنفة,2022
I,1,10,1,رسم الترخيص باحتراف المهن بالتجول,2022
I,1,11,1,رسم الترخيص بالبناء,2022
I,1,12,1,رسم إستعمال الأملاك والمنشآت العامة البلدية,2022
I,1,13,1,رسم إنفاق في وجوه محددة,2022
I,1,14,1,رسم تصوينة,2022
I,1,15,1,رسم الترميم,2022
I,1,16,1,رسم إنشاء مجارير وأرصفة,2022
I,1,17,1,رسم المرآب,2022
I,1,18,1,رسم الإستثمار لأماكن الإجتماع وأندية المراهنات,2022
I,1,19,1,رسم الإستثمار للإعلان الدائم,2022
I,1,20,1,رسم الإستثمار للإعلان المؤقت,2022
I,1,21,1,رسم الإستثمار لاشغال الأملاك العمومية البلدية,2022
I,1,22,1,رسم الإستثمار لمحلات ومحطات المحروقات السائلة,2022
I,1,23,1,رسم الإستثمار للمحركات المستعملة في المؤسسات الصناعية,2022
I,1,24,1,رسم إستثمار على الإعلانات التي تعرض في دور السينما,2022
I,1,25,1,رسم إستثمار اسبوعي للإعلان خارج دور السينما,2022
I,1,26,1,الرسم النسبي على المزايدات,2022
I,1,27,1,رسم على الحيوانات التي تذبح في النطاق البلدي,2022
I,1,28,1,رسم معاينة على اللحوم الطازجة الواردة من خارج النطاق البلدي,2022
I,1,29,1,رسوم وقوف السيارات في الأملاك البلدية العمومية,2022
I,1,30,1,رسوم الدخول إلى الأماكن الأثرية والسياحية,2022
I,1,31,1,رسم تسجيل عقود الإيجار,2022
I,1,32,1,رسوم إعطاء البيانات والإفادات والدروس الفنية,2022
I,1,33,1,واردات ناتجة عن أشغال لحساب الغير,2022
I,1,34,1,الغرامات التي تفرضها المحاكم بسبب مخالفة الأنظمة,2022
I,1,35,1,رسوم وغرامات تسوية مخالفات البناء,2022
I,1,36,1,واردات مباشرة غير ملحوظة,2022
I,1,37,1,غرامات الاعمال غير المنفذة من البناء,2022
I,1,38,1,رسم المرآب السنوي على المؤسسات السياحية,2022
I,2,1,1,علاوة على ضريبة الأملاك المبنية النسبية,2022
I,2,2,1,حصة البلديات من المؤسسة العامة للاسكان,2022
I,2,3,1,رسم نسبي على تذاكر الدخول إلى أندية المراهنات,2022
I,2,4,1,الضريبة على القيمة المضافة على قيمة أجور المخابرات وبدل الاشتراك,2022
I,2,5,1,الضريبة على القيمة المضافة على قيمة الطاقة الكهربائية المستهلكة,2022
I,2,6,1,الضريبة على القيمة المضافة على قيمة المياه المستهلكة,2022
I,2,7,1,ضريبة التحسين,2022
I,2,8,1,عائدات أخرى,2022
I,3,1,1,الحصة العائدة لدعم الموازنة,2022
I,3,2,1,الحصة المخصصة لدعم مشاريع التنمية,2022
I,4,1,1,المساعدات,2022
I,4,2,1,الفوائد,2022
I,4,3,1,القروض,2022
I,4,4,1,الهبات والوصايا,2022
I,4,5,1,الغرامات,2022
I,4,6,1,حاصلات الأملاك المبنية والمشاعات,2022
I,4,7,1,النقد المدور,2022
I,4,9,1,سائر العائدات غير الملحوظة,2022
I,1,1,1,رسم على القيمة التأجيرية (سكن),2023
I,1,2,1,رسم على القيمة التأجيرية (غير سكن),2023
I,1,3,1,رسم صيانة المجارير والأرصفة,2023
I,1,4,1,رسم خاص على تجارة المواد القابلة للإشتعال والإنفجار,2023
I,1,5,1,رسم الترخيص لأماكن الاجتماع وأندية المراهنات,2023
I,1,6,1,رسم الترخيص للإعلان الدائم والمؤقت,2023
I,1,7,1,رسم الترخيص باشغال الأملاك العمومية البلدية,2023
I,1,8,1,رسم الترخيص لمحلات ومحطات توزيع المحروقات السائلة,2023
I,1,9,1,رسم الترخيص للمؤسسات المصنفة,2023
I,1,10,1,رسم الترخيص باحتراف المهن بالتجول,2023
I,1,11,1,رسم الترخيص بالبناء,2023
I,1,12,1,رسم إستعمال الأملاك والمنشآت العامة البلدية,2023
I,1,13,1,رسم إنفاق في وجوه محددة,2023
I,1,14,1,رسم تصوينة,2023
I,1,15,1,رسم الترميم,2023
I,1,16,1,رسم إنشاء مجارير وأرصفة,2023
I,1,17,1,رسم المرآب,2023
I,1,18,1,رسم الإستثمار لأماكن الإجتماع وأندية المراهنات,2023
I,1,19,1,رسم الإستثمار للإعلان الدائم,2023
I,1,20,1,رسم الإستثمار للإعلان المؤقت,2023
I,1,21,1,رسم الإستثمار لاشغال الأملاك العمومية البلدية,2023
I,1,22,1,رسم الإستثمار لمحلات ومحطات المحروقات السائلة,2023
I,1,23,1,رسم الإستثمار للمحركات المستعملة في المؤسسات الصناعية,2023
I,1,24,1,رسم إستثمار على الإعلانات التي تعرض في دور السينما,2023
I,1,25,1,رسم إستثمار اسبوعي للإعلان خارج دور السينما,2023
I,1,26,1,الرسم النسبي على المزايدات,2023
I,1,27,1,رسم على الحيوانات التي تذبح في النطاق البلدي,2023
I,1,28,1,رسم معاينة على اللحوم الطازجة الواردة من خارج النطاق البلدي,2023
I,1,29,1,رسوم وقوف السيارات في الأملاك البلدية العمومية,2023
I,1,30,1,رسوم الدخول إلى الأماكن الأثرية والسياحية,2023
I,1,31,1,رسم تسجيل عقود الإيجار,2023
I,1,32,1,رسوم إعطاء البيانات والإفادات والدروس الفنية,2023
I,1,33,1,واردات ناتجة عن أشغال لحساب الغير,2023
I,1,34,1,الغرامات التي تفرضها المحاكم بسبب مخالفة الأنظمة,2023
I,1,35,1,رسوم وغرامات تسوية مخالفات البناء,2023
I,1,36,1,واردات مباشرة غير ملحوظة,2023
I,1,37,1,غرامات الاعمال غير المنفذة من البناء,2023
I,1,38,1,رسم المرآب السنوي على المؤسسات السياحية,2023
I,2,1,1,علاوة على ضريبة الأملاك المبنية النسبية,2023
I,2,2,1,حصة البلديات من المؤسسة العامة للاسكان,2023
I,2,3,1,رسم نسبي على تذاكر الدخول إلى أندية المراهنات,2023
I,2,4,1,الضريبة على القيمة المضافة على قيمة أجور المخابرات وبدل الاشتراك,2023
I,2,5,1,الضريبة على القيمة المضافة على قيمة الطاقة الكهربائية المستهلكة,2023
I,2,6,1,الضريبة على القيمة المضافة على قيمة المياه المستهلكة,2023
I,2,7,1,ضريبة التحسين,2023
I,2,8,1,عائدات أخرى,2023
I,3,1,1,الحصة العائدة لدعم الموازنة,2023
I,3,2,1,الحصة المخصصة لدعم مشاريع التنمية,2023
I,4,1,1,المساعدات,2023
I,4,2,1,الفوائد,2023
I,4,3,1,القروض,2023
I,4,4,1,الهبات والوصايا,2023
I,4,5,1,الغرامات,2023
I,4,6,1,حاصلات الأملاك المبنية والمشاعات,2023
I,4,7,1,النقد المدور,2023
I,4,9,1,سائر العائدات غير الملحوظة,2023
E,1,1,1,تعويضات الرئاسة,2023
E,1,2,1,رواتب الموظفين,2023
E,1,3,1,بدلات التعاقد,2023
E,1,4,1,أجور الأجراء,2023
E,1,5,1,عائدات الجباية والغرامة,2023
E,1,6,1,المكافآت والتعويضات والتقديمات المختلفة,2023
E,1,7,1,اللوازم,2023
E,1,8,1,الملابس,2023
E,1,9,1,بدلات الإيجار والخدمات المشتركة,2023
E,1,10,1,المخابرات الهاتفية والبريد والبرق,2023
E,1,11,1,نفقات إدارية أخرى,2023
E,2,1,1,التجهيزات,2023
E,2,2,1,صيانة التجهيزات والآليات,2023
E,2,3,1,المفروشات,2023
E,2,4,1,النظافة العامة,2023
E,2,5,1,صيانة المباني,2023
E,2,6,1,شراء الآليات,2023
E,2,7,1,مكافحة الحشرات,2023
E,2,8,1,لوازم التنظيفات,2023
E,2,9,1,المحروقات,2023
E,2,10,1,أجور النقل والانتقال,2023
E,2,11,1,أجور العمّال اليوميين,2023
E,2,12,1,بدلات استهلاك الكهرباء,2023
E,2,13,1,بدلات اشتراك المياه,2023
E,2,14,1,صيانة الطرق العامة,2023
E,2,15,1,صيانة شبكات المياه,2023
E,2,16,1,صيانة شبكات الإنارة العامة,2023
E,3,1,1,إنشاء المباني,2023
E,3,2,1,إنشاء شبكات الإنارة العامة,2023
E,3,3,1,إنشاء شبكات المياه,2023
E,3,4,1,إنشاء شبكات المجارير,2023
E,3,5,1,إنشاء الطرق العامة والأرصفة والأقنية,2023
E,3,6,1,إنشاء الحدائق,2023
E,3,7,1,إنشاء الملاعب والمسابح,2023
E,3,8,1,إنشاءات أخرى,2023
E,3,9,1,نفقات الدروس,2023
E,3,10,1,تعويضات الإستملاك,2023
E,3,11,1,شراء الأبنية,2023
E,3,12,1,شراء العقارات,2023
E,4,1,1,التخصيصات الصحية,2023
E,4,2,1,مساعدة المعوزين,2023
E,4,3,1,مساعدة الأوقاف الخيرية,2023
E,4,4,1,المساهمة في النشاطات الثقافية,2023
E,4,5,1,المساهمة في النشاطات التربوية,2023
E,4,6,1,المساهمة في النشاطات الرياضية,2023
E,4,7,1,المساهمة في النشاطات الاجتماعية,2023
E,4,8,1,المنح والجوائز المدرسية,2023
E,4,9,1,مساعدة المدارس,2023
E,4,10,1,مساعدة المكتبات,2023
E,4,11,1,مساعدة الهيئات التي لا تتوخّى الربح,2023
E,4,12,1,مساهمات إلى القطاع العام,2023
E,5,1,1,الاستقبالات,2023
E,5,2,1,الاحتفالات والمهرجانات,2023
E,5,3,1,رسوم الدعاوى والأحكام والمصالحات وأتعاب المحاماة,2023
E,5,4,1,المساهمة في موازنة اتحاد البلديات,2023
E,5,5,1,رديات,2023
E,5,6,1,نفقات التأمين,2023
E,5,7,1,إيفاء القروض,2023
E,5,9,1,المصاريف الأخرى غير الملحوظة,2023
E,6,1,1,احتياط الموازنة,2023
E,1,1,1,تعويضات الرئاسة,2024
E,1,2,1,رواتب الموظفين,2024
E,1,3,1,بدلات التعاقد,2024
E,1,4,1,أجور الأجراء,2024
E,1,5,1,عائدات الجباية والغرامة,2024
E,1,6,1,المكافآت والتعويضات والتقديمات المختلفة,2024
E,1,7,1,اللوازم,2024
E,1,8,1,الملابس,2024
E,1,9,1,بدلات الإيجار والخدمات المشتركة,2024
E,1,10,1,المخابرات الهاتفية والبريد والبرق,2024
E,1,11,1,نفقات إدارية أخرى,2024
E,2,1,1,التجهيزات,2024
E,2,2,1,صيانة التجهيزات والآليات,2024
E,2,3,1,المفروشات,2024
E,2,4,1,النظافة العامة,2024
E,2,5,1,صيانة المباني,2024
E,2,6,1,شراء الآليات,2024
E,2,7,1,مكافحة الحشرات,2024
E,2,8,1,لوازم التنظيفات,2024
E,2,9,1,المحروقات,2024
E,2,10,1,أجور النقل والانتقال,2024
E,2,11,1,أجور العمّال اليوميين,2024
E,2,12,1,بدلات استهلاك الكهرباء,2024
E,2,13,1,بدلات اشتراك المياه,2024
E,2,14,1,صيانة الطرق العامة,2024
E,2,15,1,صيانة شبكات المياه,2024
E,2,16,1,صيانة شبكات الإنارة العامة,2024
E,3,1,1,إنشاء المباني,2024
E,3,2,1,إنشاء شبكات الإنارة العامة,2024
E,3,3,1,إنشاء شبكات المياه,2024
E,3,4,1,إنشاء شبكات المجارير,2024
E,3,5,1,إنشاء الطرق العامة والأرصفة والأقنية,2024
E,3,6,1,إنشاء الحدائق,2024
E,3,7,1,إنشاء الملاعب والمسابح,2024
E,3,8,1,إنشاءات أخرى,2024
E,3,9,1,نفقات الدروس,2024
E,3,10,1,تعويضات الإستملاك,2024
E,3,11,1,شراء الأبنية,2024
E,3,12,1,شراء العقارات,2024
E,4,1,1,التخصيصات الصحية,2024
E,4,2,1,مساعدة المعوزين,2024
E,4,3,1,مساعدة الأوقاف الخيرية,2024
E,4,4,1,المساهمة في النشاطات الثقافية,2024
E,4,5,1,المساهمة في النشاطات التربوية,2024
E,4,6,1,المساهمة في النشاطات الرياضية,2024
E,4,7,1,المساهمة في النشاطات الاجتماعية,2024
E,4,8,1,المنح والجوائز المدرسية,2024
E,4,9,1,مساعدة المدارس,2024
E,4,10,1,مساعدة المكتبات,2024
E,4,11,1,مساعدة الهيئات التي لا تتوخّى الربح,2024
E,4,12,1,مساهمات إلى القطاع العام,2024
E,5,1,1,الاستقبالات,2024
E,5,2,1,الاحتفالات والمهرجانات,2024
E,5,3,1,رسوم الدعاوى والأحكام والمصالحات وأتعاب المحاماة,2024
E,5,4,1,المساهمة في موازنة اتحاد البلديات,2024
E,5,5,1,رديات,2024
E,5,6,1,نفقات التأمين,2024
E,5,7,1,إيفاء القروض,2024
E,5,9,1,المصاريف الأخرى غير الملحوظة,2024
E,6,1,1,احتياط الموازنة,2024
I,1,1,1,رسم على القيمة التأجيرية (سكن),2024
I,1,2,1,رسم على القيمة التأجيرية (غير سكن),2024
I,1,3,1,رسم صيانة المجارير والأرصفة,2024
I,1,4,1,رسم خاص على تجارة المواد القابلة للإشتعال والإنفجار,2024
I,1,5,1,رسم الترخيص لأماكن الاجتماع وأندية المراهنات,2024
I,1,6,1,رسم الترخيص للإعلان الدائم والمؤقت,2024
I,1,7,1,رسم الترخيص باشغال الأملاك العمومية البلدية,2024
I,1,8,1,رسم الترخيص لمحلات ومحطات توزيع المحروقات السائلة,2024
I,1,9,1,رسم الترخيص للمؤسسات المصنفة,2024
I,1,10,1,رسم الترخيص باحتراف المهن بالتجول,2024
I,1,11,1,رسم الترخيص بالبناء,2024
I,1,12,1,رسم إستعمال الأملاك والمنشآت العامة البلدية,2024
I,1,13,1,رسم إنفاق في وجوه محددة,2024
I,1,14,1,رسم تصوينة,2024
I,1,15,1,رسم الترميم,2024
I,1,16,1,رسم إنشاء مجارير وأرصفة,2024
I,1,17,1,رسم المرآب,2024
I,1,18,1,رسم الإستثمار لأماكن الإجتماع وأندية المراهنات,2024
I,1,19,1,رسم الإستثمار للإعلان الدائم,2024
I,1,20,1,رسم الإستثمار للإعلان المؤقت,2024
I,1,21,1,رسم الإستثمار لاشغال الأملاك العمومية البلدية,2024
I,1,22,1,رسم الإستثمار لمحلات ومحطات المحروقات السائلة,2024
I,1,23,1,رسم الإستثمار للمحركات المستعملة في المؤسسات الصناعية,2024
I,1,24,1,رسم إستثمار على الإعلانات التي تعرض في دور السينما,2024
I,1,25,1,رسم إستثمار اسبوعي للإعلان خارج دور السينما,2024
I,1,26,1,الرسم النسبي على المزايدات,2024
I,1,27,1,رسم على الحيوانات التي تذبح في النطاق البلدي,2024
I,1,28,1,رسم معاينة على اللحوم الطازجة الواردة من خارج النطاق البلدي,2024
I,1,29,1,رسوم وقوف السيارات في الأملاك البلدية العمومية,2024
I,1,30,1,رسوم الدخول إلى الأماكن الأثرية والسياحية,2024
I,1,31,1,رسم تسجيل عقود الإيجار,2024
I,1,32,1,رسوم إعطاء البيانات والإفادات والدروس الفنية,2024
I,1,33,1,واردات ناتجة عن أشغال لحساب الغير,2024
I,1,34,1,الغرامات التي تفرضها المحاكم بسبب مخالفة الأنظمة,2024
I,1,35,1,رسوم وغرامات تسوية مخالفات البناء,2024
I,1,36,1,واردات مباشرة غير ملحوظة,2024
I,1,37,1,غرامات الاعمال غير المنفذة من البناء,2024
I,1,38,1,رسم المرآب السنوي على المؤسسات السياحية,2024
I,2,1,1,علاوة على ضريبة الأملاك المبنية النسبية,2024
I,2,2,1,حصة البلديات من المؤسسة العامة للاسكان,2024
I,2,3,1,رسم نسبي على تذاكر الدخول إلى أندية المراهنات,2024
I,2,4,1,الضريبة على القيمة المضافة على قيمة أجور المخابرات وبدل الاشتراك,2024
I,2,5,1,الضريبة على القيمة المضافة على قيمة الطاقة الكهربائية المستهلكة,2024
I,2,6,1,الضريبة على القيمة المضافة على قيمة المياه المستهلكة,2024
I,2,7,1,ضريبة التحسين,2024
I,2,8,1,عائدات أخرى,2024
I,3,1,1,الحصة العائدة لدعم الموازنة,2024
I,3,2,1,الحصة المخصصة لدعم مشاريع التنمية,2024
I,4,1,1,المساعدات,2024
I,4,2,1,الفوائد,2024
I,4,3,1,القروض,2024
I,4,4,1,الهبات والوصايا,2024
I,4,5,1,الغرامات,2024
I,4,6,1,حاصلات الأملاك المبنية والمشاعات,2024
I,4,7,1,النقد المدور,2024
I,4,1,1,المساعدات,2026
I,4,2,1,الفوائد,2026
I,4,3,1,القروض,2026
I,4,4,1,الهبات والوصايا,2026
I,4,5,1,الغرامات,2026
I,4,6,1,حاصلات الأملاك المبنية والمشاعات,2026
I,4,7,1,النقد المدور,2026
I,4,9,1,سائر العائدات غير الملحوظة,2026
E,1,1,1,تعويضات الرئاسة,2027
E,1,2,1,رواتب الموظفين,2027
E,1,3,1,بدلات التعاقد,2027
E,1,4,1,أجور الأجراء,2027
E,1,5,1,عائدات الجباية والغرامة,2027
E,1,6,1,المكافآت والتعويضات والتقديمات المختلفة,2027
E,1,7,1,اللوازم,2027
E,1,8,1,الملابس,2027
E,1,9,1,بدلات الإيجار والخدمات المشتركة,2027
E,1,10,1,المخابرات الهاتفية والبريد والبرق,2027
E,1,11,1,نفقات إدارية أخرى,2027
E,2,1,1,التجهيزات,2027
E,2,2,1,صيانة التجهيزات والآليات,2027
E,2,3,1,المفروشات,2027
E,2,4,1,النظافة العامة,2027
E,2,5,1,صيانة المباني,2027
E,2,6,1,شراء الآليات,2027
E,2,7,1,مكافحة الحشرات,2027
E,2,8,1,لوازم التنظيفات,2027
E,2,9,1,المحروقات,2027
E,2,10,1,أجور النقل والانتقال,2027
E,2,11,1,أجور العمّال اليوميين,2027
E,2,12,1,بدلات استهلاك الكهرباء,2027
E,2,13,1,بدلات اشتراك المياه,2027
E,2,14,1,صيانة الطرق العامة,2027
E,2,15,1,صيانة شبكات المياه,2027
E,2,16,1,صيانة شبكات الإنارة العامة,2027
E,3,1,1,إنشاء المباني,2027
E,3,2,1,إنشاء شبكات الإنارة العامة,2027
E,3,3,1,إنشاء شبكات المياه,2027
E,3,4,1,إنشاء شبكات المجارير,2027
E,3,5,1,إنشاء الطرق العامة والأرصفة والأقنية,2027
E,3,6,1,إنشاء الحدائق,2027
E,3,7,1,إنشاء الملاعب والمسابح,2027
E,3,8,1,إنشاءات أخرى,2027
E,3,9,1,نفقات الدروس,2027
E,3,10,1,تعويضات الإستملاك,2027
E,3,11,1,شراء الأبنية,2027
E,3,12,1,شراء العقارات,2027
E,4,1,1,التخصيصات الصحية,2027
E,4,2,1,مساعدة المعوزين,2027
E,4,3,1,مساعدة الأوقاف الخيرية,2027
E,4,4,1,المساهمة في النشاطات الثقافية,2027
E,4,5,1,المساهمة في النشاطات التربوية,2027
E,4,6,1,المساهمة في النشاطات الرياضية,2027
E,4,7,1,المساهمة في النشاطات الاجتماعية,2027
E,4,8,1,المنح والجوائز المدرسية,2027
E,4,9,1,مساعدة المدارس,2027
E,4,10,1,مساعدة المكتبات,2027
E,4,11,1,مساعدة الهيئات التي لا تتوخّى الربح,2027
E,4,12,1,مساهمات إلى القطاع العام,2027
E,5,1,1,الاستقبالات,2027
E,5,2,1,الاحتفالات والمهرجانات,2027
E,5,3,1,رسوم الدعاوى والأحكام والمصالحات وأتعاب المحاماة,2027
E,5,4,1,المساهمة في موازنة اتحاد البلديات,2027
E,5,5,1,رديات,2027
E,5,6,1,نفقات التأمين,2027
E,5,7,1,إيفاء القروض,2027
E,5,9,1,المصاريف الأخرى غير الملحوظة,2027
E,6,1,1,احتياط الموازنة,2027
I,1,1,1,رسم على القيمة التأجيرية (سكن),2027
I,1,2,1,رسم على القيمة التأجيرية (غير سكن),2027
I,1,3,1,رسم صيانة المجارير والأرصفة,2027
I,1,4,1,رسم خاص على تجارة المواد القابلة للإشتعال والإنفجار,2027
I,1,5,1,رسم الترخيص لأماكن الاجتماع وأندية المراهنات,2027
I,1,6,1,رسم الترخيص للإعلان الدائم والمؤقت,2027
I,1,7,1,رسم الترخيص باشغال الأملاك العمومية البلدية,2027
I,1,8,1,رسم الترخيص لمحلات ومحطات توزيع المحروقات السائلة,2027
I,1,9,1,رسم الترخيص للمؤسسات المصنفة,2027
I,1,10,1,رسم الترخيص باحتراف المهن بالتجول,2027
I,1,11,1,رسم الترخيص بالبناء,2027
I,1,12,1,رسم إستعمال الأملاك والمنشآت العامة البلدية,2027
I,1,13,1,رسم إنفاق في وجوه محددة,2027
I,1,14,1,رسم تصوينة,2027
I,1,15,1,رسم الترميم,2027
I,1,16,1,رسم إنشاء مجارير وأرصفة,2027
I,1,17,1,رسم المرآب,2027
I,1,18,1,رسم الإستثمار لأماكن الإجتماع وأندية المراهنات,2027
I,1,19,1,رسم الإستثمار للإعلان الدائم,2027
I,1,20,1,رسم الإستثمار للإعلان المؤقت,2027
I,1,21,1,رسم الإستثمار لاشغال الأملاك العمومية البلدية,2027
I,1,22,1,رسم الإستثمار لمحلات ومحطات المحروقات السائلة,2027
I,1,23,1,رسم الإستثمار للمحركات المستعملة في المؤسسات الصناعية,2027
I,1,24,1,رسم إستثمار على الإعلانات التي تعرض في دور السينما,2027
I,1,25,1,رسم إستثمار اسبوعي للإعلان خارج دور السينما,2027
I,1,26,1,الرسم النسبي على المزايدات,2027
I,1,27,1,رسم على الحيوانات التي تذبح في النطاق البلدي,2027
I,1,28,1,رسم معاينة على اللحوم الطازجة الواردة من خارج النطاق البلدي,2027
I,1,29,1,رسوم وقوف السيارات في الأملاك البلدية العمومية,2027
I,1,30,1,رسوم الدخول إلى الأماكن الأثرية والسياحية,2027
I,1,31,1,رسم تسجيل عقود الإيجار,2027
I,1,32,1,رسوم إعطاء البيانات والإفادات والدروس الفنية,2027
I,1,33,1,واردات ناتجة عن أشغال لحساب الغير,2027
I,1,34,1,الغرامات التي تفرضها المحاكم بسبب مخالفة الأنظمة,2027
I,1,35,1,رسوم وغرامات تسوية مخالفات البناء,2027
I,1,36,1,واردات مباشرة غير ملحوظة,2027
I,1,37,1,غرامات الاعمال غير المنفذة من البناء,2027
I,1,38,1,رسم المرآب السنوي على المؤسسات السياحية,2027
I,2,1,1,علاوة على ضريبة الأملاك المبنية النسبية,2027
I,2,2,1,حصة البلديات من المؤسسة العامة للاسكان,2027
I,2,3,1,رسم نسبي على تذاكر الدخول إلى أندية المراهنات,2027
I,2,4,1,الضريبة على القيمة المضافة على قيمة أجور المخابرات وبدل الاشتراك,2027
I,2,5,1,الضريبة على القيمة المضافة على قيمة الطاقة الكهربائية المستهلكة,2027
I,2,6,1,الضريبة على القيمة المضافة على قيمة المياه المستهلكة,2027
I,2,7,1,ضريبة التحسين,2027
I,2,8,1,عائدات أخرى,2027
I,3,1,1,الحصة العائدة لدعم الموازنة,2027
I,3,2,1,الحصة المخصصة لدعم مشاريع التنمية,2027
I,4,1,1,المساعدات,2027
I,4,2,1,الفوائد,2027
I,4,3,1,القروض,2027
I,4,4,1,الهبات والوصايا,2027
I,4,5,1,الغرامات,2027
I,4,6,1,حاصلات الأملاك المبنية والمشاعات,2027
I,4,7,1,النقد المدور,2027
I,4,9,1,سائر العائدات غير الملحوظة,2027
