CHAPTER_TYPE,CHAPTER,SECTION,DESCRIPT,BUDGET_YEAR
I,1,13,رسم إنفاق في وجوه محددة,2008
I,1,14,رسم تصوينة,2008
I,1,15,رسم الترميم,2008
I,1,16,رسم إنشاء مجارير وأرصفة,2008
I,1,17,رسم المرآب,2008
I,1,19,رسم الإستثمار للإعلان الدائم,2008
I,1,20,رسم الإستثمار للإعلان المؤقت,2008
I,1,25,رسم إستثمار اسبوعي للإعلان خارج دور السينما,2008
I,1,26,الرسم النسبي على المزايدات,2008
I,1,30,رسوم الدخول إلى الأماكن الأثرية والسياحية,2008
I,1,31,رسم تسجيل عقود الإيجار,2008
I,1,33,واردات ناتجة عن أشغال لحساب الغير,2008
I,1,35,رسوم وغرامات تسوية مخالفات البناء,2008
I,1,36,واردات مباشرة غير ملحوظة,2008
I,3,1,الحصة العائدة لدعم الموازنة,2008
I,3,2,الحصة المخصصة لدعم مشاريع التنمية,2008
I,4,1,المساعدات,2008
I,4,2,الفوائد,2008
I,4,3,القروض,2008
I,4,4,الهبات والوصايا,2008
I,4,5,الغرامات,2008
I,4,6,حاصلات الأملاك المبنية والمشاعات,2008
E,2,16,صيانة شبكات الإنارة العامة,2008
I,4,9,سائر العائدات غير الملحوظة,2008
I,2,1,علاوة على ضريبة الأملاك المبنية النسبية,2008
I,2,2,حصة البلديات من المؤسسة العامة للاسكان,2008
I,2,7,ضريبة التحسين,2008
E,1,7,اللوازم,2008
E,1,9,بدلات الإيجار والخدمات المشتركة,2008
E,1,10,المخابرات الهاتفية والبريد والبرق,2008
E,1,11,نفقات إدارية أخرى,2008
E,2,5,صيانة المباني,2008
E,2,8,لوازم التنظيفات,2008
E,2,10,أجور النقل والانتقال,2008
E,2,11,أجور العمّال اليوميين,2008
E,2,12,بدلات استهلاك الكهرباء,2008
E,2,13,بدلات اشتراك المياه,2008
E,2,14,صيانة الطرق العامة,2008
E,2,15,صيانة شبكات المياه,2008
E,3,8,إنشاءات أخرى,2008
E,3,10,تعويضات الإستملاك,2008
E,3,11,شراء الأبنية,2008
E,5,6,نفقات التأمين,2008
E,5,9,المصاريف الأخرى غير الملحوظة,2008
E,3,12,شراء العقارات,2008
E,4,12,مساهمات إلى القطاع العام,2008
I,2,8,عائدات أخرى,2008
I,4,7,النقد المدور,2008
E,5,7,إيفاء القروض,2008
I,1,38,رسم المرآب السنوي على المؤسسات السياحية,2007
I,1,37,غرامات الاعمال غير المنفذة من البناء,2007
I,1,38,رسم المرآب السنوي على المؤسسات السياحية,2008
I,1,37,غرامات الاعمال غير المنفذة من البناء,2008
E,5,9,المصاريف الأخرى غير الملحوظة,2010
E,6,1,احتياط الموازنة,2010
I,1,1,رسم على القيمة التأجيرية (سكن),2010
I,1,2,رسم على القيمة التأجيرية (غير سكن),2010
I,1,3,رسم صيانة المجارير والأرصفة,2010
I,1,6,رسم الترخيص للإعلان الدائم والمؤقت,2010
I,1,9,رسم الترخيص للمؤسسات المصنفة,2010
I,1,10,رسم الترخيص باحتراف المهن بالتجول,2010
I,1,11,رسم الترخيص بالبناء,2010
I,1,13,رسم إنفاق في وجوه محددة,2010
I,1,14,رسم تصوينة,2010
I,1,15,رسم الترميم,2010
I,1,16,رسم إنشاء مجارير وأرصفة,2010
I,1,17,رسم المرآب,2010
I,1,19,رسم الإستثمار للإعلان الدائم,2010
I,1,20,رسم الإستثمار للإعلان المؤقت,2010
I,1,25,رسم إستثمار اسبوعي للإعلان خارج دور السينما,2010
I,1,26,الرسم النسبي على المزايدات,2010
I,1,30,رسوم الدخول إلى الأماكن الأثرية والسياحية,2010
I,1,31,رسم تسجيل عقود الإيجار,2010
I,1,33,واردات ناتجة عن أشغال لحساب الغير,2010
I,1,35,رسوم وغرامات تسوية مخالفات البناء,2010
I,1,36,واردات مباشرة غير ملحوظة,2010
I,1,37,غرامات الاعمال غير المنفذة من البناء,2010
I,1,38,رسم المرآب السنوي على المؤسسات السياحية,2010
I,2,1,علاوة على ضريبة الأملاك المبنية النسبية,2010
I,2,2,حصة البلديات من المؤسسة العامة للاسكان,2010
I,2,7,ضريبة التحسين,2010
I,2,8,عائدات أخرى,2010
I,3,1,الحصة العائدة لدعم الموازنة,2010
I,3,2,الحصة المخصصة لدعم مشاريع التنمية,2010
I,4,1,المساعدات,2010
I,4,2,الفوائد,2010
I,4,3,القروض,2010
I,4,4,الهبات والوصايا,2010
I,4,5,الغرامات,2010
I,4,6,حاصلات الأملاك المبنية والمشاعات,2010
I,4,7,النقد المدور,2010
I,4,9,سائر العائدات غير الملحوظة,2010
E,1,1,تعويضات الرئاسة,2005
E,1,2,رواتب الموظفين,2005
E,1,3,بدلات التعاقد,2005
E,1,4,أجور الأجراء,2005
E,1,5,عائدات الجباية والغرامة,2005
E,1,6,المكافآت والتعويضات والتقديمات المختلفة,2005
E,1,8,الملابس,2005
E,2,1,التجهيزات,2005
E,2,2,صيانة التجهيزات والآليات,2005
E,2,3,المفروشات,2005
E,2,4,النظافة العامة,2005
E,2,6,شراء الآليات,2005
E,2,7,مكافحة الحشرات,2005
E,2,9,المحروقات,2005
E,3,1,إنشاء المباني,2005
E,3,2,إنشاء شبكات الإنارة العامة,2005
E,3,3,إنشاء شبكات المياه,2005
E,3,4,إنشاء شبكات المجارير,2005
E,3,5,إنشاء الطرق العامة والأرصفة والأقنية,2005
E,3,6,إنشاء الحدائق,2005
E,3,7,إنشاء الملاعب والمسابح,2005
E,3,9,نفقات الدروس,2005
E,4,1,التخصيصات الصحية,2005
E,4,2,مساعدة المعوزين,2005
E,4,3,مساعدة الأوقاف الخيرية,2005
E,4,4,المساهمة في النشاطات الثقافية,2005
E,4,5,المساهمة في النشاطات التربوية,2005
E,4,6,المساهمة في النشاطات الرياضية,2005
E,4,7,المساهمة في النشاطات الاجتماعية,2005
I,1,10,رسم الترخيص باحتراف المهن بالتجول,2023
I,1,11,رسم الترخيص بالبناء,2023
I,1,13,رسم إنفاق في وجوه محددة,2023
I,1,14,رسم تصوينة,2023
I,1,15,رسم الترميم,2023
I,1,16,رسم إنشاء مجارير وأرصفة,2023
I,1,17,رسم المرآب,2023
I,1,19,رسم الإستثمار للإعلان الدائم,2023
I,1,20,رسم الإستثمار للإعلان المؤقت,2023
I,1,25,رسم إستثمار اسبوعي للإعلان خارج دور السينما,2023
I,1,26,الرسم النسبي على المزايدات,2023
I,1,30,رسوم الدخول إلى الأماكن الأثرية والسياحية,2023
I,1,31,رسم تسجيل عقود الإيجار,2023
I,1,33,واردات ناتجة عن أشغال لحساب الغير,2023
I,1,35,رسوم وغرامات تسوية مخالفات البناء,2023
I,1,36,واردات مباشرة غير ملحوظة,2023
I,1,37,غرامات الاعمال غير المنفذة من البناء,2023
I,1,38,رسم المرآب السنوي على المؤسسات السياحية,2023
I,2,1,علاوة على ضريبة الأملاك المبنية النسبية,2023
I,2,2,حصة البلديات من المؤسسة العامة للاسكان,2023
I,2,7,ضريبة التحسين,2023
I,2,8,عائدات أخرى,2023
I,3,1,الحصة العائدة لدعم الموازنة,2023
I,3,2,الحصة المخصصة لدعم مشاريع التنمية,2023
I,4,1,المساعدات,2023
I,4,2,الفوائد,2023
I,4,3,القروض,2023
I,4,4,الهبات والوصايا,2023
I,4,5,الغرامات,2023
I,4,6,حاصلات الأملاك المبنية والمشاعات,2023
I,4,7,النقد المدور,2023
I,4,9,سائر العائدات غير الملحوظة,2023
E,1,1,تعويضات الرئاسة,2023
E,1,2,رواتب الموظفين,2023
E,1,3,بدلات التعاقد,2023
E,1,4,أجور الأجراء,2023
E,1,5,عائدات الجباية والغرامة,2023
E,1,6,المكافآت والتعويضات والتقديمات المختلفة,2023
E,1,7,اللوازم,2023
E,1,8,الملابس,2023
E,1,9,بدلات الإيجار والخدمات المشتركة,2023
E,1,10,المخابرات الهاتفية والبريد والبرق,2023
E,1,11,نفقات إدارية أخرى,2023
E,2,1,التجهيزات,2023
E,2,2,صيانة التجهيزات والآليات,2023
E,2,3,المفروشات,2023
E,2,4,النظافة العامة,2023
E,2,5,صيانة المباني,2023
E,2,6,شراء الآليات,2023
E,2,7,مكافحة الحشرات,2023
E,2,8,لوازم التنظيفات,2023
E,2,9,المحروقات,2023
E,2,10,أجور النقل والانتقال,2023
E,2,11,أجور العمّال اليوميين,2023
E,2,12,بدلات استهلاك الكهرباء,2023
E,2,13,بدلات اشتراك المياه,2023
E,2,14,صيانة الطرق العامة,2023
E,2,15,صيانة شبكات المياه,2023
E,2,16,صيانة شبكات الإنارة العامة,2023
E,3,1,إنشاء المباني,2023
E,3,2,إنشاء شبكات الإنارة العامة,2023
E,3,3,إنشاء شبكات المياه,2023
E,3,4,إنشاء شبكات المجارير,2023
E,3,5,إنشاء الطرق العامة والأرصفة والأقنية,2023
E,3,6,إنشاء الحدائق,2023
E,3,7,إنشاء الملاعب والمسابح,2023
E,3,8,إنشاءات أخرى,2023
E,3,9,نفقات الدروس,2023
E,3,10,تعويضات الإستملاك,2023
E,3,11,شراء الأبنية,2023
E,3,12,شراء العقارات,2023
E,4,1,التخصيصات الصحية,2023
E,4,2,مساعدة المعوزين,2023
E,4,3,مساعدة الأوقاف الخيرية,2023
E,4,4,المساهمة في النشاطات الثقافية,2023
E,4,5,المساهمة في النشاطات التربوية,2023
E,4,6,المساهمة في النشاطات الرياضية,2023
E,4,7,المساهمة في النشاطات الاجتماعية,2023
E,4,8,المنح والجوائز المدرسية,2023
E,4,9,مساعدة المدارس,2023
E,4,10,مساعدة المكتبات,2023
E,4,11,مساعدة الهيئات التي لا تتوخّى الربح,2023
E,4,12,مساهمات إلى القطاع العام,2023
E,5,1,الاستقبالات,2023
E,5,2,الاحتفالات والمهرجانات,2023
E,5,4,المساهمة في موازنة اتحاد البلديات,2023
E,5,5,رديات,2023
E,5,6,نفقات التأمين,2023
E,5,7,إيفاء القروض,2023
E,5,9,المصاريف الأخرى غير الملحوظة,2023
E,6,1,احتياط الموازنة,2023
I,1,19,رسم الإستثمار للإعلان الدائم,2022
I,1,20,رسم الإستثمار للإعلان المؤقت,2022
I,1,25,رسم إستثمار اسبوعي للإعلان خارج دور السينما,2022
I,1,26,الرسم النسبي على المزايدات,2022
I,1,30,رسوم الدخول إلى الأماكن الأثرية والسياحية,2022
I,1,31,رسم تسجيل عقود الإيجار,2022
I,1,33,واردات ناتجة عن أشغال لحساب الغير,2022
I,1,35,رسوم وغرامات تسوية مخالفات البناء,2022
I,1,36,واردات مباشرة غير ملحوظة,2022
I,1,37,غرامات الاعمال غير المنفذة من البناء,2022
I,1,38,رسم المرآب السنوي على المؤسسات السياحية,2022
I,2,1,علاوة على ضريبة الأملاك المبنية النسبية,2022
I,2,2,حصة البلديات من المؤسسة العامة للاسكان,2022
I,2,7,ضريبة التحسين,2022
I,2,8,عائدات أخرى,2022
I,3,1,الحصة العائدة لدعم الموازنة,2022
I,3,2,الحصة المخصصة لدعم مشاريع التنمية,2022
I,4,1,المساعدات,2022
I,4,2,الفوائد,2022
I,4,3,القروض,2022
I,4,4,الهبات والوصايا,2022
I,4,5,الغرامات,2022
I,4,6,حاصلات الأملاك المبنية والمشاعات,2022
I,4,7,النقد المدور,2022
I,4,9,سائر العائدات غير الملحوظة,2022
E,1,1,تعويضات الرئاسة,2026
E,1,2,رواتب الموظفين,2026
E,1,3,بدلات التعاقد,2026
E,1,4,أجور الأجراء,2026
E,1,5,عائدات الجباية والغرامة,2026
E,1,6,المكافآت والتعويضات والتقديمات المختلفة,2026
E,1,7,اللوازم,2026
E,1,8,الملابس,2026
E,4,8,المنح والجوائز المدرسية,2005
E,4,9,مساعدة المدارس,2005
I,1,17,رسم المرآب,2005
I,1,25,رسم إستثمار اسبوعي للإعلان خارج دور السينما,2004
I,1,26,الرسم النسبي على المزايدات,2004
I,1,30,رسوم الدخول إلى الأماكن الأثرية والسياحية,2004
I,1,31,رسم تسجيل عقود الإيجار,2004
I,1,33,واردات ناتجة عن أشغال لحساب الغير,2004
I,1,35,رسوم وغرامات تسوية مخالفات البناء,2004
I,1,36,واردات مباشرة غير ملحوظة,2004
I,2,1,علاوة على ضريبة الأملاك المبنية النسبية,2004
I,2,2,حصة البلديات من المؤسسة العامة للاسكان,2004
I,2,4,علاوة على قيمة أجور المخابرات وبدل الاشتراك,2004
I,2,5,علاوة على قيمة الطاقة الكهربائية المستهلكة,2004
I,2,6,علاوة على قيمة المياه المستهلكة,2004
I,2,7,ضريبة التحسين,2004
I,2,8,عائدات أخرى,2004
I,3,1,الحصة العائدة لدعم الموازنة,2004
I,3,2,الحصة المخصصة لدعم مشاريع التنمية,2004
I,4,1,المساعدات,2004
I,4,2,الفوائد,2004
I,4,3,القروض,2004
I,4,4,الهبات والوصايا,2004
I,4,5,الغرامات,2004
I,4,6,حاصلات الأملاك المبنية والمشاعات,2004
I,4,7,النقد المدور,2004
I,4,9,سائر العائدات غير الملحوظة,2004
E,1,1,تعويضات الرئاسة,2006
E,1,2,رواتب الموظفين,2006
E,1,3,بدلات التعاقد,2006
E,1,4,أجور الأجراء,2006
E,1,5,عائدات الجباية والغرامة,2006
E,1,6,المكافآت والتعويضات والتقديمات المختلفة,2006
E,1,7,اللوازم,2006
E,1,8,الملابس,2006
E,1,9,بدلات الإيجار والخدمات المشتركة,2006
E,1,10,المخابرات الهاتفية والبريد والبرق,2006
E,1,11,نفقات إدارية أخرى,2006
E,2,1,التجهيزات,2006
E,2,2,صيانة التجهيزات والآليات,2006
E,2,3,المفروشات,2006
E,2,4,النظافة العامة,2006
E,2,5,صيانة المباني,2006
E,2,6,شراء الآليات,2006
E,2,7,مكافحة الحشرات,2006
E,2,8,لوازم التنظيفات,2006
E,2,9,المحروقات,2006
E,2,10,أجور النقل والانتقال,2006
E,2,11,أجور العمّال اليوميين,2006
E,2,12,بدلات استهلاك الكهرباء,2006
E,2,13,بدلات اشتراك المياه,2006
E,2,14,صيانة الطرق العامة,2006
E,2,15,صيانة شبكات المياه,2006
E,2,16,صيانة شبكات الإنارة العامة,2006
E,3,1,إنشاء المباني,2006
E,3,2,إنشاء شبكات الإنارة العامة,2006
E,3,3,إنشاء شبكات المياه,2006
E,3,4,إنشاء شبكات المجارير,2006
E,3,5,إنشاء الطرق العامة والأرصفة والأقنية,2006
E,3,6,إنشاء الحدائق,2006
E,3,7,إنشاء الملاعب والمسابح,2006
E,3,8,إنشاءات أخرى,2006
E,3,9,نفقات الدروس,2006
E,3,10,تعويضات الإستملاك,2006
E,3,11,شراء الأبنية,2006
E,3,12,شراء العقارات,2006
E,4,1,التخصيصات الصحية,2006
E,4,2,مساعدة المعوزين,2006
E,4,3,مساعدة الأوقاف الخيرية,2006
E,4,4,المساهمة في النشاطات الثقافية,2006
E,4,5,المساهمة في النشاطات التربوية,2006
E,4,6,المساهمة في النشاطات الرياضية,2006
E,4,7,المساهمة في النشاطات الاجتماعية,2006
E,4,8,المنح والجوائز المدرسية,2006
E,4,9,مساعدة المدارس,2006
E,4,10,مساعدة المكتبات,2006
E,4,11,مساعدة الهيئات التي لا تتوخّى الربح,2006
E,4,12,مساهمات إلى القطاع العام,2006
E,5,1,الاستقبالات,2006
E,5,2,الاحتفالات والمهرجانات,2006
E,5,4,المساهمة في موازنة اتحاد البلديات,2006
E,5,5,رديات,2006
E,5,6,نفقات التأمين,2006
E,5,7,إيفاء القروض,2006
E,5,9,المصاريف الأخرى غير الملحوظة,2006
E,6,1,احتياط الموازنة,2006
I,1,1,رسم على القيمة التأجيرية (سكن),2006
I,1,2,رسم على القيمة التأجيرية (غير سكن),2006
I,1,3,رسم صيانة المجارير والأرصفة,2006
I,1,6,رسم الترخيص للإعلان الدائم والمؤقت,2006
I,1,9,رسم الترخيص للمؤسسات المصنفة,2006
I,1,10,رسم الترخيص باحتراف المهن بالتجول,2006
I,1,11,رسم الترخيص بالبناء,2006
I,1,13,رسم إنفاق في وجوه محددة,2006
I,1,14,رسم تصوينة,2006
I,1,15,رسم الترميم,2006
I,1,16,رسم إنشاء مجارير وأرصفة,2006
I,1,17,رسم المرآب,2006
I,1,19,رسم الإستثمار للإعلان الدائم,2006
I,1,20,رسم الإستثمار للإعلان المؤقت,2006
I,1,25,رسم إستثمار اسبوعي للإعلان خارج دور السينما,2006
I,1,26,الرسم النسبي على المزايدات,2006
I,1,30,رسوم الدخول إلى الأماكن الأثرية والسياحية,2006
I,1,31,رسم تسجيل عقود الإيجار,2006
I,1,33,واردات ناتجة عن أشغال لحساب الغير,2006
I,1,35,رسوم وغرامات تسوية مخالفات البناء,2006
I,1,36,واردات مباشرة غير ملحوظة,2006
I,2,1,علاوة على ضريبة الأملاك المبنية النسبية,2006
I,2,2,حصة البلديات من المؤسسة العامة للاسكان,2006
I,2,4,علاوة على قيمة أجور المخابرات وبدل الاشتراك,2006
I,2,5,علاوة على قيمة الطاقة الكهربائية المستهلكة,2006
I,2,6,علاوة على قيمة المياه المستهلكة,2006
I,2,7,ضريبة التحسين,2006
I,2,8,عائدات أخرى,2006
I,3,1,الحصة العائدة لدعم الموازنة,2006
I,3,2,الحصة المخصصة لدعم مشاريع التنمية,2006
I,4,1,المساعدات,2006
E,4,10,مساعدة المكتبات,2005
E,4,11,مساعدة الهيئات التي لا تتوخّى الربح,2005
E,5,1,الاستقبالات,2005
E,1,9,بدلات الإيجار والخدمات المشتركة,2026
E,1,10,المخابرات الهاتفية والبريد والبرق,2026
E,1,11,نفقات إدارية أخرى,2026
E,2,1,التجهيزات,2026
E,2,2,صيانة التجهيزات والآليات,2026
E,2,3,المفروشات,2026
E,2,4,النظافة العامة,2026
E,2,5,صيانة المباني,2026
E,2,6,شراء الآليات,2026
E,2,7,مكافحة الحشرات,2026
E,2,8,لوازم التنظيفات,2026
E,2,9,المحروقات,2026
E,2,10,أجور النقل والانتقال,2026
E,2,11,أجور العمّال اليوميين,2026
E,2,12,بدلات استهلاك الكهرباء,2026
E,2,13,بدلات اشتراك المياه,2026
E,2,14,صيانة الطرق العامة,2026
E,2,15,صيانة شبكات المياه,2026
E,2,16,صيانة شبكات الإنارة العامة,2026
E,3,1,إنشاء المباني,2026
E,3,2,إنشاء شبكات الإنارة العامة,2026
E,3,3,إنشاء شبكات المياه,2026
E,3,4,إنشاء شبكات المجارير,2026
E,3,5,إنشاء الطرق العامة والأرصفة والأقنية,2026
E,3,6,إنشاء الحدائق,2026
E,3,7,إنشاء الملاعب والمسابح,2026
E,3,8,إنشاءات أخرى,2026
E,3,9,نفقات الدروس,2026
E,3,10,تعويضات الإستملاك,2026
E,3,11,شراء الأبنية,2026
E,3,12,شراء العقارات,2026
E,4,1,التخصيصات الصحية,2026
E,4,2,مساعدة المعوزين,2026
E,4,3,مساعدة الأوقاف الخيرية,2026
E,4,4,المساهمة في النشاطات الثقافية,2026
E,4,5,المساهمة في النشاطات التربوية,2026
E,4,6,المساهمة في النشاطات الرياضية,2026
E,4,7,المساهمة في النشاطات الاجتماعية,2026
E,4,8,المنح والجوائز المدرسية,2026
E,4,9,مساعدة المدارس,2026
E,4,10,مساعدة المكتبات,2026
E,4,11,مساعدة الهيئات التي لا تتوخّى الربح,2026
E,4,12,مساهمات إلى القطاع العام,2026
E,5,1,الاستقبالات,2026
E,5,2,الاحتفالات والمهرجانات,2026
E,5,4,المساهمة في موازنة اتحاد البلديات,2026
E,5,5,رديات,2026
E,5,6,نفقات التأمين,2026
E,5,7,إيفاء القروض,2026
E,5,9,المصاريف الأخرى غير الملحوظة,2026
E,6,1,احتياط الموازنة,2026
I,1,1,رسم على القيمة التأجيرية (سكن),2026
I,1,2,رسم على القيمة التأجيرية (غير سكن),2026
I,1,3,رسم صيانة المجارير والأرصفة,2026
I,1,6,رسم الترخيص للإعلان الدائم والمؤقت,2026
I,1,9,رسم الترخيص للمؤسسات المصنفة,2026
I,1,10,رسم الترخيص باحتراف المهن بالتجول,2026
I,1,11,رسم الترخيص بالبناء,2026
I,1,13,رسم إنفاق في وجوه محددة,2026
I,1,14,رسم تصوينة,2026
I,1,15,رسم الترميم,2026
I,1,16,رسم إنشاء مجارير وأرصفة,2026
I,1,17,رسم المرآب,2026
I,1,19,رسم الإستثمار للإعلان الدائم,2026
I,1,20,رسم الإستثمار للإعلان المؤقت,2026
I,1,25,رسم إستثمار اسبوعي للإعلان خارج دور السينما,2026
I,1,26,الرسم النسبي على المزايدات,2026
I,1,30,رسوم الدخول إلى الأماكن الأثرية والسياحية,2026
I,1,31,رسم تسجيل عقود الإيجار,2026
I,1,33,واردات ناتجة عن أشغال لحساب الغير,2026
I,1,35,رسوم وغرامات تسوية مخالفات البناء,2026
I,1,36,واردات مباشرة غير ملحوظة,2026
I,1,37,غرامات الاعمال غير المنفذة من البناء,2026
I,1,38,رسم المرآب السنوي على المؤسسات السياحية,2026
I,2,1,علاوة على ضريبة الأملاك المبنية النسبية,2026
I,2,2,حصة البلديات من المؤسسة العامة للاسكان,2026
I,2,7,ضريبة التحسين,2026
I,2,8,عائدات أخرى,2026
I,3,1,الحصة العائدة لدعم الموازنة,2026
I,3,2,الحصة المخصصة لدعم مشاريع التنمية,2026
I,4,1,المساعدات,2026
I,4,2,الفوائد,2026
I,4,3,القروض,2026
I,4,4,الهبات والوصايا,2026
I,4,5,الغرامات,2026
I,4,6,حاصلات الأملاك المبنية والمشاعات,2026
I,4,7,النقد المدور,2026
I,4,9,سائر العائدات غير الملحوظة,2026
E,1,1,تعويضات الرئاسة,2027
E,1,2,رواتب الموظفين,2027
E,1,3,بدلات التعاقد,2027
E,1,4,أجور الأجراء,2027
E,1,5,عائدات الجباية والغرامة,2027
E,1,6,المكافآت والتعويضات والتقديمات المختلفة,2027
E,1,7,اللوازم,2027
E,1,8,الملابس,2027
E,1,9,بدلات الإيجار والخدمات المشتركة,2027
E,1,10,المخابرات الهاتفية والبريد والبرق,2027
E,1,11,نفقات إدارية أخرى,2027
E,2,1,التجهيزات,2027
E,2,2,صيانة التجهيزات والآليات,2027
E,2,3,المفروشات,2027
E,2,4,النظافة العامة,2027
E,2,5,صيانة المباني,2027
E,2,6,شراء الآليات,2027
E,2,7,مكافحة الحشرات,2027
E,2,8,لوازم التنظيفات,2027
E,2,9,المحروقات,2027
E,2,10,أجور النقل والانتقال,2027
E,2,11,أجور العمّال اليوميين,2027
E,2,12,بدلات استهلاك الكهرباء,2027
E,2,13,بدلات اشتراك المياه,2027
E,2,14,صيانة الطرق العامة,2027
E,2,15,صيانة شبكات المياه,2027
E,2,16,صيانة شبكات الإنارة العامة,2027
E,3,1,إنشاء المباني,2027
E,3,2,إنشاء شبكات الإنارة العامة,2027
E,3,3,إنشاء شبكات المياه,2027
E,3,4,إنشاء شبكات المجارير,2027
E,3,5,إنشاء الطرق العامة والأرصفة والأقنية,2027
E,3,6,إنشاء الحدائق,2027
E,3,7,إنشاء الملاعب والمسابح,2027
E,3,8,إنشاءات أخرى,2027
E,3,9,نفقات الدروس,2027
E,3,10,تعويضات الإستملاك,2027
E,3,11,شراء الأبنية,2027
E,3,12,شراء العقارات,2027
E,4,1,التخصيصات الصحية,2027
E,5,2,الاحتفالات والمهرجانات,2005
E,5,4,المساهمة في موازنة اتحاد البلديات,2005
E,5,5,رديات,2005
E,6,1,احتياط الموازنة,2005
I,1,1,رسم على القيمة التأجيرية (سكن),2005
I,1,2,رسم على القيمة التأجيرية (غير سكن),2005
I,1,3,رسم صيانة المجارير والأرصفة,2005
I,1,6,رسم الترخيص للإعلان الدائم والمؤقت,2005
I,1,9,رسم الترخيص للمؤسسات المصنفة,2005
I,1,10,رسم الترخيص باحتراف المهن بالتجول,2005
I,1,11,رسم الترخيص بالبناء,2005
I,1,13,رسم إنفاق في وجوه محددة,2005
I,1,14,رسم تصوينة,2005
I,1,15,رسم الترميم,2005
I,1,16,رسم إنشاء مجارير وأرصفة,2005
E,2,16,صيانة شبكات الإنارة العامة,2007
E,3,1,إنشاء المباني,2007
E,3,2,إنشاء شبكات الإنارة العامة,2007
E,3,3,إنشاء شبكات المياه,2007
E,3,4,إنشاء شبكات المجارير,2007
E,3,5,إنشاء الطرق العامة والأرصفة والأقنية,2007
E,3,6,إنشاء الحدائق,2007
E,3,7,إنشاء الملاعب والمسابح,2007
E,3,8,إنشاءات أخرى,2007
E,3,9,نفقات الدروس,2007
E,3,10,تعويضات الإستملاك,2007
E,3,11,شراء الأبنية,2007
E,3,12,شراء العقارات,2007
E,4,1,التخصيصات الصحية,2007
E,4,2,مساعدة المعوزين,2007
E,4,3,مساعدة الأوقاف الخيرية,2007
E,4,4,المساهمة في النشاطات الثقافية,2007
E,4,5,المساهمة في النشاطات التربوية,2007
E,4,6,المساهمة في النشاطات الرياضية,2007
E,4,7,المساهمة في النشاطات الاجتماعية,2007
E,4,8,المنح والجوائز المدرسية,2007
E,4,9,مساعدة المدارس,2007
E,4,10,مساعدة المكتبات,2007
E,4,11,مساعدة الهيئات التي لا تتوخّى الربح,2007
E,4,12,مساهمات إلى القطاع العام,2007
E,5,1,الاستقبالات,2007
E,5,2,الاحتفالات والمهرجانات,2007
E,5,4,المساهمة في موازنة اتحاد البلديات,2007
E,5,5,رديات,2007
E,5,6,نفقات التأمين,2007
E,5,7,إيفاء القروض,2007
E,5,9,المصاريف الأخرى غير الملحوظة,2007
E,6,1,احتياط الموازنة,2007
I,1,1,رسم على القيمة التأجيرية (سكن),2007
I,1,2,رسم على القيمة التأجيرية (غير سكن),2007
I,1,3,رسم صيانة المجارير والأرصفة,2007
I,1,6,رسم الترخيص للإعلان الدائم والمؤقت,2007
I,1,9,رسم الترخيص للمؤسسات المصنفة,2007
I,1,10,رسم الترخيص باحتراف المهن بالتجول,2007
I,1,11,رسم الترخيص بالبناء,2007
I,1,13,رسم إنفاق في وجوه محددة,2007
I,1,14,رسم تصوينة,2007
I,1,15,رسم الترميم,2007
I,1,16,رسم إنشاء مجارير وأرصفة,2007
I,1,17,رسم المرآب,2007
I,1,19,رسم الإستثمار للإعلان الدائم,2007
I,1,20,رسم الإستثمار للإعلان المؤقت,2007
I,1,25,رسم إستثمار اسبوعي للإعلان خارج دور السينما,2007
I,1,26,الرسم النسبي على المزايدات,2007
I,1,30,رسوم الدخول إلى الأماكن الأثرية والسياحية,2007
I,1,31,رسم تسجيل عقود الإيجار,2007
I,1,33,واردات ناتجة عن أشغال لحساب الغير,2007
I,1,35,رسوم وغرامات تسوية مخالفات البناء,2007
I,1,36,واردات مباشرة غير ملحوظة,2007
I,2,1,علاوة على ضريبة الأملاك المبنية النسبية,2007
I,2,2,حصة البلديات من المؤسسة العامة للاسكان,2007
I,2,7,ضريبة التحسين,2007
I,2,8,عائدات أخرى,2007
I,3,1,الحصة العائدة لدعم الموازنة,2007
I,3,2,الحصة المخصصة لدعم مشاريع التنمية,2007
I,4,1,المساعدات,2007
I,4,2,الفوائد,2007
I,4,3,القروض,2007
I,4,4,الهبات والوصايا,2007
I,4,5,الغرامات,2007
I,4,6,حاصلات الأملاك المبنية والمشاعات,2007
I,4,7,النقد المدور,2007
I,4,9,سائر العائدات غير الملحوظة,2007
E,1,1,تعويضات الرئاسة,2008
E,1,2,رواتب الموظفين,2008
E,1,3,بدلات التعاقد,2008
E,1,4,أجور الأجراء,2008
E,1,5,عائدات الجباية والغرامة,2008
E,1,6,المكافآت والتعويضات والتقديمات المختلفة,2008
E,1,8,الملابس,2008
E,2,1,التجهيزات,2008
E,2,2,صيانة التجهيزات والآليات,2008
E,2,3,المفروشات,2008
E,2,4,النظافة العامة,2008
E,2,6,شراء الآليات,2008
E,2,7,مكافحة الحشرات,2008
E,2,9,المحروقات,2008
E,3,1,إنشاء المباني,2008
E,3,2,إنشاء شبكات الإنارة العامة,2008
E,3,3,إنشاء شبكات المياه,2008
E,3,4,إنشاء شبكات المجارير,2008
E,3,5,إنشاء الطرق العامة والأرصفة والأقنية,2008
E,3,6,إنشاء الحدائق,2008
E,3,7,إنشاء الملاعب والمسابح,2008
E,3,9,نفقات الدروس,2008
E,4,1,التخصيصات الصحية,2008
E,4,2,مساعدة المعوزين,2008
E,4,3,مساعدة الأوقاف الخيرية,2008
E,4,4,المساهمة في النشاطات الثقافية,2008
E,4,5,المساهمة في النشاطات التربوية,2008
E,4,6,المساهمة في النشاطات الرياضية,2008
E,4,7,المساهمة في النشاطات الاجتماعية,2008
E,4,8,المنح والجوائز المدرسية,2008
E,4,9,مساعدة المدارس,2008
E,4,10,مساعدة المكتبات,2008
E,4,11,مساعدة الهيئات التي لا تتوخّى الربح,2008
E,5,1,الاستقبالات,2008
E,5,2,الاحتفالات والمهرجانات,2008
E,5,4,المساهمة في موازنة اتحاد البلديات,2008
E,5,5,رديات,2008
E,6,1,احتياط الموازنة,2008
I,1,1,رسم على القيمة التأجيرية (سكن),2008
I,1,2,رسم على القيمة التأجيرية (غير سكن),2008
I,1,3,رسم صيانة المجارير والأرصفة,2008
E,4,2,مساعدة المعوزين,2027
E,4,3,مساعدة الأوقاف الخيرية,2027
E,4,4,المساهمة في النشاطات الثقافية,2027
E,4,5,المساهمة في النشاطات التربوية,2027
E,4,6,المساهمة في النشاطات الرياضية,2027
E,4,7,المساهمة في النشاطات الاجتماعية,2027
E,4,8,المنح والجوائز المدرسية,2027
E,4,9,مساعدة المدارس,2027
E,4,10,مساعدة المكتبات,2027
E,4,11,مساعدة الهيئات التي لا تتوخّى الربح,2027
E,4,12,مساهمات إلى القطاع العام,2027
E,5,1,الاستقبالات,2027
E,5,2,الاحتفالات والمهرجانات,2027
E,5,4,المساهمة في موازنة اتحاد البلديات,2027
E,5,5,رديات,2027
E,5,6,نفقات التأمين,2027
E,5,7,إيفاء القروض,2027
E,5,9,المصاريف الأخرى غير الملحوظة,2027
E,6,1,احتياط الموازنة,2027
I,1,1,رسم على القيمة التأجيرية (سكن),2027
I,1,2,رسم على القيمة التأجيرية (غير سكن),2027
I,1,3,رسم صيانة المجارير والأرصفة,2027
I,1,6,رسم الترخيص للإعلان الدائم والمؤقت,2027
I,1,9,رسم الترخيص للمؤسسات المصنفة,2027
I,1,10,رسم الترخيص باحتراف المهن بالتجول,2027
I,1,11,رسم الترخيص بالبناء,2027
I,1,13,رسم إنفاق في وجوه محددة,2027
I,1,14,رسم تصوينة,2027
I,1,15,رسم الترميم,2027
I,1,16,رسم إنشاء مجارير وأرصفة,2027
I,1,17,رسم المرآب,2027
I,1,19,رسم الإستثمار للإعلان الدائم,2027
I,1,20,رسم الإستثمار للإعلان المؤقت,2027
I,1,25,رسم إستثمار اسبوعي للإعلان خارج دور السينما,2027
I,1,26,الرسم النسبي على المزايدات,2027
I,1,30,رسوم الدخول إلى الأماكن الأثرية والسياحية,2027
I,1,31,رسم تسجيل عقود الإيجار,2027
I,1,33,واردات ناتجة عن أشغال لحساب الغير,2027
I,1,35,رسوم وغرامات تسوية مخالفات البناء,2027
I,1,36,واردات مباشرة غير ملحوظة,2027
I,1,37,غرامات الاعمال غير المنفذة من البناء,2027
I,1,38,رسم المرآب السنوي على المؤسسات السياحية,2027
I,2,1,علاوة على ضريبة الأملاك المبنية النسبية,2027
I,2,2,حصة البلديات من المؤسسة العامة للاسكان,2027
I,2,7,ضريبة التحسين,2027
I,2,8,عائدات أخرى,2027
I,3,1,الحصة العائدة لدعم الموازنة,2027
I,3,2,الحصة المخصصة لدعم مشاريع التنمية,2027
I,4,1,المساعدات,2027
I,4,2,الفوائد,2027
I,4,3,القروض,2027
I,4,4,الهبات والوصايا,2027
I,4,5,الغرامات,2027
I,4,6,حاصلات الأملاك المبنية والمشاعات,2027
I,4,7,النقد المدور,2027
I,4,9,سائر العائدات غير الملحوظة,2027
I,1,6,رسم الترخيص للإعلان الدائم والمؤقت,2008
I,1,9,رسم الترخيص للمؤسسات المصنفة,2008
I,1,10,رسم الترخيص باحتراف المهن بالتجول,2008
I,1,11,رسم الترخيص بالبناء,2008
E,1,1,تعويضات الرئاسة,2009
E,1,2,رواتب الموظفين,2009
E,1,3,بدلات التعاقد,2009
E,1,4,أجور الأجراء,2009
E,1,5,عائدات الجباية والغرامة,2009
E,1,6,المكافآت والتعويضات والتقديمات المختلفة,2009
E,1,7,اللوازم,2009
E,1,8,الملابس,2009
E,1,9,بدلات الإيجار والخدمات المشتركة,2009
E,1,10,المخابرات الهاتفية والبريد والبرق,2009
E,1,11,نفقات إدارية أخرى,2009
E,2,1,التجهيزات,2009
E,2,2,صيانة التجهيزات والآليات,2009
E,2,3,المفروشات,2009
E,2,4,النظافة العامة,2009
E,2,5,صيانة المباني,2009
E,2,6,شراء الآليات,2009
E,2,7,مكافحة الحشرات,2009
E,2,8,لوازم التنظيفات,2009
E,2,9,المحروقات,2009
E,2,10,أجور النقل والانتقال,2009
E,2,11,أجور العمّال اليوميين,2009
E,2,12,بدلات استهلاك الكهرباء,2009
E,2,13,بدلات اشتراك المياه,2009
E,2,14,صيانة الطرق العامة,2009
E,2,15,صيانة شبكات المياه,2009
E,2,16,صيانة شبكات الإنارة العامة,2009
E,3,1,إنشاء المباني,2009
E,3,2,إنشاء شبكات الإنارة العامة,2009
E,3,3,إنشاء شبكات المياه,2009
E,5,7,إيفاء القروض,2010
E,3,4,إنشاء شبكات المجارير,2009
E,3,5,إنشاء الطرق العامة والأرصفة والأقنية,2009
E,3,6,إنشاء الحدائق,2009
E,3,7,إنشاء الملاعب والمسابح,2009
E,3,8,إنشاءات أخرى,2009
E,3,9,نفقات الدروس,2009
E,3,10,تعويضات الإستملاك,2009
E,3,11,شراء الأبنية,2009
E,3,12,شراء العقارات,2009
E,4,1,التخصيصات الصحية,2009
E,4,2,مساعدة المعوزين,2009
E,4,3,مساعدة الأوقاف الخيرية,2009
E,4,4,المساهمة في النشاطات الثقافية,2009
E,4,5,المساهمة في النشاطات التربوية,2009
E,4,6,المساهمة في النشاطات الرياضية,2009
E,4,7,المساهمة في النشاطات الاجتماعية,2009
E,4,8,المنح والجوائز المدرسية,2009
E,4,9,مساعدة المدارس,2009
E,4,10,مساعدة المكتبات,2009
E,4,11,مساعدة الهيئات التي لا تتوخّى الربح,2009
E,4,12,مساهمات إلى القطاع العام,2009
E,5,1,الاستقبالات,2009
E,5,2,الاحتفالات والمهرجانات,2009
E,5,4,المساهمة في موازنة اتحاد البلديات,2009
E,5,5,رديات,2009
E,5,6,نفقات التأمين,2009
E,5,7,إيفاء القروض,2009
E,5,9,المصاريف الأخرى غير الملحوظة,2009
E,6,1,احتياط الموازنة,2009
I,1,1,رسم على القيمة التأجيرية (سكن),2009
I,1,2,رسم على القيمة التأجيرية (غير سكن),2009
I,1,3,رسم صيانة المجارير والأرصفة,2009
I,1,6,رسم الترخيص للإعلان الدائم والمؤقت,2009
I,1,9,رسم الترخيص للمؤسسات المصنفة,2009
I,1,10,رسم الترخيص باحتراف المهن بالتجول,2009
I,1,11,رسم الترخيص بالبناء,2009
I,1,13,رسم إنفاق في وجوه محددة,2009
I,1,14,رسم تصوينة,2009
I,1,15,رسم الترميم,2009
I,1,16,رسم إنشاء مجارير وأرصفة,2009
I,1,17,رسم المرآب,2009
I,1,19,رسم الإستثمار للإعلان الدائم,2009
I,1,20,رسم الإستثمار للإعلان المؤقت,2009
I,1,25,رسم إستثمار اسبوعي للإعلان خارج دور السينما,2009
I,1,26,الرسم النسبي على المزايدات,2009
I,1,30,رسوم الدخول إلى الأماكن الأثرية والسياحية,2009
I,1,31,رسم تسجيل عقود الإيجار,2009
I,1,33,واردات ناتجة عن أشغال لحساب الغير,2009
I,1,35,رسوم وغرامات تسوية مخالفات البناء,2009
I,1,36,واردات مباشرة غير ملحوظة,2009
I,1,37,غرامات الاعمال غير المنفذة من البناء,2009
I,1,38,رسم المرآب السنوي على المؤسسات السياحية,2009
I,2,1,علاوة على ضريبة الأملاك المبنية النسبية,2009
I,2,2,حصة البلديات من المؤسسة العامة للاسكان,2009
I,2,7,ضريبة التحسين,2009
I,2,8,عائدات أخرى,2009
I,3,1,الحصة العائدة لدعم الموازنة,2009
I,3,2,الحصة المخصصة لدعم مشاريع التنمية,2009
I,4,1,المساعدات,2009
I,4,2,الفوائد,2009
I,4,3,القروض,2009
I,4,4,الهبات والوصايا,2009
I,4,5,الغرامات,2009
I,4,6,حاصلات الأملاك المبنية والمشاعات,2009
I,4,7,النقد المدور,2009
I,4,9,سائر العائدات غير الملحوظة,2009
E,1,1,تعويضات الرئاسة,2010
E,1,2,رواتب الموظفين,2010
E,1,3,بدلات التعاقد,2010
E,1,4,أجور الأجراء,2010
E,1,5,عائدات الجباية والغرامة,2010
E,1,6,المكافآت والتعويضات والتقديمات المختلفة,2010
E,1,7,اللوازم,2010
E,1,8,الملابس,2010
E,1,9,بدلات الإيجار والخدمات المشتركة,2010
E,1,10,المخابرات الهاتفية والبريد والبرق,2010
E,1,11,نفقات إدارية أخرى,2010
E,2,1,التجهيزات,2010
E,2,2,صيانة التجهيزات والآليات,2010
E,2,3,المفروشات,2010
E,2,4,النظافة العامة,2010
E,2,5,صيانة المباني,2010
E,2,6,شراء الآليات,2010
E,2,7,مكافحة الحشرات,2010
E,2,8,لوازم التنظيفات,2010
E,2,9,المحروقات,2010
E,2,10,أجور النقل والانتقال,2010
E,2,11,أجور العمّال اليوميين,2010
E,2,12,بدلات استهلاك الكهرباء,2010
E,2,13,بدلات اشتراك المياه,2010
E,2,14,صيانة الطرق العامة,2010
E,2,15,صيانة شبكات المياه,2010
E,2,16,صيانة شبكات الإنارة العامة,2010
E,3,1,إنشاء المباني,2010
E,3,2,إنشاء شبكات الإنارة العامة,2010
E,3,3,إنشاء شبكات المياه,2010
E,3,4,إنشاء شبكات المجارير,2010
E,3,5,إنشاء الطرق العامة والأرصفة والأقنية,2010
E,3,6,إنشاء الحدائق,2010
E,3,7,إنشاء الملاعب والمسابح,2010
E,3,8,إنشاءات أخرى,2010
E,3,9,نفقات الدروس,2010
E,3,10,تعويضات الإستملاك,2010
E,3,11,شراء الأبنية,2010
E,3,12,شراء العقارات,2010
E,4,1,التخصيصات الصحية,2010
E,4,2,مساعدة المعوزين,2010
E,4,3,مساعدة الأوقاف الخيرية,2010
E,4,4,المساهمة في النشاطات الثقافية,2010
E,4,5,المساهمة في النشاطات التربوية,2010
E,4,6,المساهمة في النشاطات الرياضية,2010
E,4,7,المساهمة في النشاطات الاجتماعية,2010
E,4,8,المنح والجوائز المدرسية,2010
E,4,9,مساعدة المدارس,2010
E,4,10,مساعدة المكتبات,2010
E,4,11,مساعدة الهيئات التي لا تتوخّى الربح,2010
E,4,12,مساهمات إلى القطاع العام,2010
E,5,1,الاستقبالات,2010
E,5,2,الاحتفالات والمهرجانات,2010
E,5,4,المساهمة في موازنة اتحاد البلديات,2010
E,5,5,رديات,2010
E,5,6,نفقات التأمين,2010
E,1,1,تعويضات الرئاسة,2011
E,1,2,رواتب الموظفين,2011
E,1,3,بدلات التعاقد,2011
E,1,4,أجور الأجراء,2011
E,1,5,عائدات الجباية والغرامة,2011
E,1,6,المكافآت والتعويضات والتقديمات المختلفة,2011
E,1,7,اللوازم,2011
E,1,8,الملابس,2011
E,1,9,بدلات الإيجار والخدمات المشتركة,2011
E,1,10,المخابرات الهاتفية والبريد والبرق,2011
E,1,11,نفقات إدارية أخرى,2011
E,2,1,التجهيزات,2011
E,2,2,صيانة التجهيزات والآليات,2011
E,2,3,المفروشات,2011
E,2,4,النظافة العامة,2011
E,2,5,صيانة المباني,2011
E,2,6,شراء الآليات,2011
E,2,7,مكافحة الحشرات,2011
E,2,8,لوازم التنظيفات,2011
E,2,9,المحروقات,2011
E,2,10,أجور النقل والانتقال,2011
E,2,11,أجور العمّال اليوميين,2011
E,2,12,بدلات استهلاك الكهرباء,2011
E,2,13,بدلات اشتراك المياه,2011
E,2,14,صيانة الطرق العامة,2011
E,2,15,صيانة شبكات المياه,2011
E,2,16,صيانة شبكات الإنارة العامة,2011
E,3,1,إنشاء المباني,2011
E,3,2,إنشاء شبكات الإنارة العامة,2011
E,3,3,إنشاء شبكات المياه,2011
E,3,4,إنشاء شبكات المجارير,2011
E,1,1,تعويضات الرئاسة,2015
I,1,19,رسم الإستثمار للإعلان الدائم,2005
I,1,20,رسم الإستثمار للإعلان المؤقت,2005
I,1,25,رسم إستثمار اسبوعي للإعلان خارج دور السينما,2005
I,1,26,الرسم النسبي على المزايدات,2005
I,1,30,رسوم الدخول إلى الأماكن الأثرية والسياحية,2005
I,1,31,رسم تسجيل عقود الإيجار,2005
I,1,33,واردات ناتجة عن أشغال لحساب الغير,2005
I,1,35,رسوم وغرامات تسوية مخالفات البناء,2005
I,1,36,واردات مباشرة غير ملحوظة,2005
I,3,1,الحصة العائدة لدعم الموازنة,2005
I,3,2,الحصة المخصصة لدعم مشاريع التنمية,2005
I,4,1,المساعدات,2005
I,4,2,الفوائد,2005
I,4,3,القروض,2005
I,4,4,الهبات والوصايا,2005
I,4,5,الغرامات,2005
I,4,6,حاصلات الأملاك المبنية والمشاعات,2005
E,2,16,صيانة شبكات الإنارة العامة,2005
I,4,9,سائر العائدات غير الملحوظة,2005
I,2,1,علاوة على ضريبة الأملاك المبنية النسبية,2005
I,2,2,حصة البلديات من المؤسسة العامة للاسكان,2005
I,2,4,علاوة على قيمة أجور المخابرات وبدل الاشتراك,2005
I,2,5,علاوة على قيمة الطاقة الكهربائية المستهلكة,2005
I,2,6,علاوة على قيمة المياه المستهلكة,2005
I,2,7,ضريبة التحسين,2005
E,1,7,اللوازم,2005
E,1,9,بدلات الإيجار والخدمات المشتركة,2005
E,1,10,المخابرات الهاتفية والبريد والبرق,2005
E,1,11,نفقات إدارية أخرى,2005
E,2,5,صيانة المباني,2005
E,2,8,لوازم التنظيفات,2005
E,2,10,أجور النقل والانتقال,2005
E,2,11,أجور العمّال اليوميين,2005
E,2,12,بدلات استهلاك الكهرباء,2005
E,2,13,بدلات اشتراك المياه,2005
E,2,14,صيانة الطرق العامة,2005
E,2,15,صيانة شبكات المياه,2005
E,3,8,إنشاءات أخرى,2005
E,3,10,تعويضات الإستملاك,2005
E,3,11,شراء الأبنية,2005
E,5,6,نفقات التأمين,2005
E,5,9,المصاريف الأخرى غير الملحوظة,2005
E,3,12,شراء العقارات,2005
E,4,12,مساهمات إلى القطاع العام,2005
I,2,8,عائدات أخرى,2005
I,4,7,النقد المدور,2005
E,5,7,إيفاء القروض,2005
E,1,1,تعويضات الرئاسة,2004
E,1,2,رواتب الموظفين,2004
E,1,3,بدلات التعاقد,2004
E,1,4,أجور الأجراء,2004
E,1,5,عائدات الجباية والغرامة,2004
E,1,6,المكافآت والتعويضات والتقديمات المختلفة,2004
E,1,7,اللوازم,2004
E,1,8,الملابس,2004
E,1,9,بدلات الإيجار والخدمات المشتركة,2004
E,1,10,المخابرات الهاتفية والبريد والبرق,2004
E,1,11,نفقات إدارية أخرى,2004
E,2,1,التجهيزات,2004
E,2,2,صيانة التجهيزات والآليات,2004
E,2,3,المفروشات,2004
E,2,4,النظافة العامة,2004
E,2,5,صيانة المباني,2004
E,2,6,شراء الآليات,2004
E,2,7,مكافحة الحشرات,2004
E,2,8,لوازم التنظيفات,2004
E,2,9,المحروقات,2004
E,2,10,أجور النقل والانتقال,2004
E,2,11,أجور العمّال اليوميين,2004
E,2,12,بدلات استهلاك الكهرباء,2004
E,2,13,بدلات اشتراك المياه,2004
E,2,14,صيانة الطرق العامة,2004
E,2,15,صيانة شبكات المياه,2004
E,2,16,صيانة شبكات الإنارة العامة,2004
E,3,1,إنشاء المباني,2004
E,3,2,إنشاء شبكات الإنارة العامة,2004
E,3,3,إنشاء شبكات المياه,2004
E,3,4,إنشاء شبكات المجارير,2004
E,3,5,إنشاء الطرق العامة والأرصفة والأقنية,2004
E,3,6,إنشاء الحدائق,2004
E,3,7,إنشاء الملاعب والمسابح,2004
E,3,8,إنشاءات أخرى,2004
E,3,9,نفقات الدروس,2004
E,3,10,تعويضات الإستملاك,2004
E,3,11,شراء الأبنية,2004
E,3,12,شراء العقارات,2004
E,4,1,التخصيصات الصحية,2004
E,4,2,مساعدة المعوزين,2004
E,4,3,مساعدة الأوقاف الخيرية,2004
E,4,4,المساهمة في النشاطات الثقافية,2004
E,4,5,المساهمة في النشاطات التربوية,2004
E,4,6,المساهمة في النشاطات الرياضية,2004
E,4,7,المساهمة في النشاطات الاجتماعية,2004
E,4,8,المنح والجوائز المدرسية,2004
E,4,9,مساعدة المدارس,2004
E,4,10,مساعدة المكتبات,2004
E,4,11,مساعدة الهيئات التي لا تتوخّى الربح,2004
E,4,12,مساهمات إلى القطاع العام,2004
E,5,1,الاستقبالات,2004
E,5,2,الاحتفالات والمهرجانات,2004
E,5,4,المساهمة في موازنة اتحاد البلديات,2004
E,5,5,رديات,2004
E,5,6,نفقات التأمين,2004
E,5,7,إيفاء القروض,2004
E,5,9,المصاريف الأخرى غير الملحوظة,2004
E,6,1,احتياط الموازنة,2004
I,1,1,رسم على القيمة التأجيرية (سكن),2004
I,1,2,رسم على القيمة التأجيرية (غير سكن),2004
I,1,3,رسم صيانة المجارير والأرصفة,2004
I,1,6,رسم الترخيص للإعلان الدائم والمؤقت,2004
I,1,9,رسم الترخيص للمؤسسات المصنفة,2004
I,1,10,رسم الترخيص باحتراف المهن بالتجول,2004
I,1,11,رسم الترخيص بالبناء,2004
I,1,13,رسم إنفاق في وجوه محددة,2004
I,1,14,رسم تصوينة,2004
I,1,15,رسم الترميم,2004
I,1,16,رسم إنشاء مجارير وأرصفة,2004
I,1,17,رسم المرآب,2004
I,1,19,رسم الإستثمار للإعلان الدائم,2004
I,1,20,رسم الإستثمار للإعلان المؤقت,2004
I,4,2,الفوائد,2006
I,4,3,القروض,2006
I,4,4,الهبات والوصايا,2006
I,4,5,الغرامات,2006
I,4,6,حاصلات الأملاك المبنية والمشاعات,2006
I,4,7,النقد المدور,2006
I,4,9,سائر العائدات غير الملحوظة,2006
E,1,1,تعويضات الرئاسة,2007
E,1,2,رواتب الموظفين,2007
E,1,3,بدلات التعاقد,2007
E,1,4,أجور الأجراء,2007
E,1,5,عائدات الجباية والغرامة,2007
E,1,6,المكافآت والتعويضات والتقديمات المختلفة,2007
E,1,7,اللوازم,2007
E,1,8,الملابس,2007
E,1,9,بدلات الإيجار والخدمات المشتركة,2007
E,1,10,المخابرات الهاتفية والبريد والبرق,2007
E,1,11,نفقات إدارية أخرى,2007
E,2,1,التجهيزات,2007
E,2,2,صيانة التجهيزات والآليات,2007
E,2,3,المفروشات,2007
E,2,4,النظافة العامة,2007
E,2,5,صيانة المباني,2007
E,2,6,شراء الآليات,2007
E,2,7,مكافحة الحشرات,2007
E,2,8,لوازم التنظيفات,2007
E,2,9,المحروقات,2007
E,2,10,أجور النقل والانتقال,2007
E,2,11,أجور العمّال اليوميين,2007
E,2,12,بدلات استهلاك الكهرباء,2007
E,2,13,بدلات اشتراك المياه,2007
E,2,14,صيانة الطرق العامة,2007
E,2,15,صيانة شبكات المياه,2007
I,1,20,رسم الإستثمار للإعلان المؤقت,2018
I,1,25,رسم إستثمار اسبوعي للإعلان خارج دور السينما,2018
I,1,26,الرسم النسبي على المزايدات,2018
I,1,30,رسوم الدخول إلى الأماكن الأثرية والسياحية,2018
I,1,31,رسم تسجيل عقود الإيجار,2018
I,1,33,واردات ناتجة عن أشغال لحساب الغير,2018
I,1,35,رسوم وغرامات تسوية مخالفات البناء,2018
I,1,36,واردات مباشرة غير ملحوظة,2018
I,1,37,غرامات الاعمال غير المنفذة من البناء,2018
I,1,38,رسم المرآب السنوي على المؤسسات السياحية,2018
I,2,1,علاوة على ضريبة الأملاك المبنية النسبية,2018
E,1,1,تعويضات الرئاسة,2017
E,1,2,رواتب الموظفين,2017
E,1,3,بدلات التعاقد,2017
E,1,4,أجور الأجراء,2017
E,1,5,عائدات الجباية والغرامة,2017
E,1,6,المكافآت والتعويضات والتقديمات المختلفة,2017
E,1,7,اللوازم,2017
E,1,8,الملابس,2017
E,1,9,بدلات الإيجار والخدمات المشتركة,2017
E,1,10,المخابرات الهاتفية والبريد والبرق,2017
E,1,11,نفقات إدارية أخرى,2017
E,2,1,التجهيزات,2017
E,2,2,صيانة التجهيزات والآليات,2017
E,2,3,المفروشات,2017
E,2,4,النظافة العامة,2017
E,2,5,صيانة المباني,2017
E,2,6,شراء الآليات,2017
E,2,7,مكافحة الحشرات,2017
E,2,8,لوازم التنظيفات,2017
E,2,9,المحروقات,2017
E,2,10,أجور النقل والانتقال,2017
E,2,11,أجور العمّال اليوميين,2017
E,2,12,بدلات استهلاك الكهرباء,2017
E,2,13,بدلات اشتراك المياه,2017
E,2,14,صيانة الطرق العامة,2017
E,2,15,صيانة شبكات المياه,2017
E,2,16,صيانة شبكات الإنارة العامة,2017
E,3,1,إنشاء المباني,2017
E,3,2,إنشاء شبكات الإنارة العامة,2017
E,3,3,إنشاء شبكات المياه,2017
E,3,4,إنشاء شبكات المجارير,2017
E,3,5,إنشاء الطرق العامة والأرصفة والأقنية,2017
E,3,6,إنشاء الحدائق,2017
E,3,7,إنشاء الملاعب والمسابح,2017
E,3,8,إنشاءات أخرى,2017
E,3,9,نفقات الدروس,2017
E,3,10,تعويضات الإستملاك,2017
E,3,11,شراء الأبنية,2017
E,3,12,شراء العقارات,2017
E,4,1,التخصيصات الصحية,2017
E,4,2,مساعدة المعوزين,2017
E,4,3,مساعدة الأوقاف الخيرية,2017
E,4,4,المساهمة في النشاطات الثقافية,2017
E,4,5,المساهمة في النشاطات التربوية,2017
E,4,6,المساهمة في النشاطات الرياضية,2017
E,4,7,المساهمة في النشاطات الاجتماعية,2017
E,4,8,المنح والجوائز المدرسية,2017
E,4,9,مساعدة المدارس,2017
E,4,10,مساعدة المكتبات,2017
E,4,11,مساعدة الهيئات التي لا تتوخّى الربح,2017
E,4,12,مساهمات إلى القطاع العام,2017
E,5,1,الاستقبالات,2017
E,5,2,الاحتفالات والمهرجانات,2017
E,5,4,المساهمة في موازنة اتحاد البلديات,2017
E,5,5,رديات,2017
E,5,6,نفقات التأمين,2017
E,5,7,إيفاء القروض,2017
E,5,9,المصاريف الأخرى غير الملحوظة,2017
E,6,1,احتياط الموازنة,2017
I,1,1,رسم على القيمة التأجيرية (سكن),2017
I,1,2,رسم على القيمة التأجيرية (غير سكن),2017
I,1,3,رسم صيانة المجارير والأرصفة,2017
I,1,6,رسم الترخيص للإعلان الدائم والمؤقت,2017
I,1,9,رسم الترخيص للمؤسسات المصنفة,2017
I,1,10,رسم الترخيص باحتراف المهن بالتجول,2017
I,1,11,رسم الترخيص بالبناء,2017
I,1,13,رسم إنفاق في وجوه محددة,2017
I,1,14,رسم تصوينة,2017
I,1,15,رسم الترميم,2017
I,1,16,رسم إنشاء مجارير وأرصفة,2017
I,1,17,رسم المرآب,2017
I,1,19,رسم الإستثمار للإعلان الدائم,2017
I,1,20,رسم الإستثمار للإعلان المؤقت,2017
I,1,25,رسم إستثمار اسبوعي للإعلان خارج دور السينما,2017
I,1,26,الرسم النسبي على المزايدات,2017
I,1,30,رسوم الدخول إلى الأماكن الأثرية والسياحية,2017
I,1,31,رسم تسجيل عقود الإيجار,2017
I,1,33,واردات ناتجة عن أشغال لحساب الغير,2017
I,1,35,رسوم وغرامات تسوية مخالفات البناء,2017
I,1,36,واردات مباشرة غير ملحوظة,2017
I,1,37,غرامات الاعمال غير المنفذة من البناء,2017
I,1,38,رسم المرآب السنوي على المؤسسات السياحية,2017
I,2,1,علاوة على ضريبة الأملاك المبنية النسبية,2017
I,2,2,حصة البلديات من المؤسسة العامة للاسكان,2017
I,2,7,ضريبة التحسين,2017
I,2,8,عائدات أخرى,2017
I,3,1,الحصة العائدة لدعم الموازنة,2017
I,3,2,الحصة المخصصة لدعم مشاريع التنمية,2017
I,4,1,المساعدات,2017
I,4,2,الفوائد,2017
I,4,3,القروض,2017
I,4,4,الهبات والوصايا,2017
I,4,5,الغرامات,2017
I,4,6,حاصلات الأملاك المبنية والمشاعات,2017
I,4,7,النقد المدور,2017
I,4,9,سائر العائدات غير الملحوظة,2017
I,2,2,حصة البلديات من المؤسسة العامة للاسكان,2018
I,2,7,ضريبة التحسين,2018
I,2,8,عائدات أخرى,2018
I,3,1,الحصة العائدة لدعم الموازنة,2018
I,3,2,الحصة المخصصة لدعم مشاريع التنمية,2018
I,4,1,المساعدات,2018
I,4,2,الفوائد,2018
I,4,3,القروض,2018
I,4,4,الهبات والوصايا,2018
I,4,5,الغرامات,2018
I,4,6,حاصلات الأملاك المبنية والمشاعات,2018
I,4,7,النقد المدور,2018
I,4,9,سائر العائدات غير الملحوظة,2018
E,1,1,تعويضات الرئاسة,2019
E,1,2,رواتب الموظفين,2019
E,1,3,بدلات التعاقد,2019
E,1,4,أجور الأجراء,2019
E,1,5,عائدات الجباية والغرامة,2019
I,1,1,رسم على القيمة التأجيرية (سكن),2023
E,1,6,المكافآت والتعويضات والتقديمات المختلفة,2019
E,1,7,اللوازم,2019
E,1,8,الملابس,2019
E,1,9,بدلات الإيجار والخدمات المشتركة,2019
E,1,10,المخابرات الهاتفية والبريد والبرق,2019
E,1,11,نفقات إدارية أخرى,2019
E,2,1,التجهيزات,2019
E,2,2,صيانة التجهيزات والآليات,2019
E,2,3,المفروشات,2019
E,2,4,النظافة العامة,2019
E,2,5,صيانة المباني,2019
E,2,6,شراء الآليات,2019
E,2,7,مكافحة الحشرات,2019
E,2,8,لوازم التنظيفات,2019
E,2,9,المحروقات,2019
E,2,10,أجور النقل والانتقال,2019
E,2,11,أجور العمّال اليوميين,2019
E,2,12,بدلات استهلاك الكهرباء,2019
E,2,13,بدلات اشتراك المياه,2019
E,2,14,صيانة الطرق العامة,2019
E,2,15,صيانة شبكات المياه,2019
E,2,16,صيانة شبكات الإنارة العامة,2019
E,3,1,إنشاء المباني,2019
E,3,2,إنشاء شبكات الإنارة العامة,2019
E,3,3,إنشاء شبكات المياه,2019
E,3,4,إنشاء شبكات المجارير,2019
E,3,5,إنشاء الطرق العامة والأرصفة والأقنية,2019
E,3,6,إنشاء الحدائق,2019
E,3,7,إنشاء الملاعب والمسابح,2019
E,3,8,إنشاءات أخرى,2019
E,3,9,نفقات الدروس,2019
E,3,10,تعويضات الإستملاك,2019
E,3,11,شراء الأبنية,2019
E,3,12,شراء العقارات,2019
E,1,1,تعويضات الرئاسة,2020
E,1,2,رواتب الموظفين,2020
E,1,3,بدلات التعاقد,2020
E,1,4,أجور الأجراء,2020
E,1,5,عائدات الجباية والغرامة,2020
E,1,6,المكافآت والتعويضات والتقديمات المختلفة,2020
E,1,7,اللوازم,2020
E,1,8,الملابس,2020
E,1,9,بدلات الإيجار والخدمات المشتركة,2020
E,1,10,المخابرات الهاتفية والبريد والبرق,2020
E,1,11,نفقات إدارية أخرى,2020
E,2,1,التجهيزات,2020
E,2,2,صيانة التجهيزات والآليات,2020
E,2,3,المفروشات,2020
E,2,4,النظافة العامة,2020
E,2,5,صيانة المباني,2020
E,2,6,شراء الآليات,2020
E,2,7,مكافحة الحشرات,2020
E,2,8,لوازم التنظيفات,2020
E,2,9,المحروقات,2020
E,2,10,أجور النقل والانتقال,2020
E,2,11,أجور العمّال اليوميين,2020
E,2,12,بدلات استهلاك الكهرباء,2020
E,2,13,بدلات اشتراك المياه,2020
E,2,14,صيانة الطرق العامة,2020
E,2,15,صيانة شبكات المياه,2020
E,2,16,صيانة شبكات الإنارة العامة,2020
E,3,1,إنشاء المباني,2020
E,3,2,إنشاء شبكات الإنارة العامة,2020
E,3,3,إنشاء شبكات المياه,2020
E,3,4,إنشاء شبكات المجارير,2020
E,3,5,إنشاء الطرق العامة والأرصفة والأقنية,2020
E,3,6,إنشاء الحدائق,2020
E,3,7,إنشاء الملاعب والمسابح,2020
E,3,8,إنشاءات أخرى,2020
E,3,9,نفقات الدروس,2020
E,3,10,تعويضات الإستملاك,2020
E,3,11,شراء الأبنية,2020
E,3,12,شراء العقارات,2020
E,4,1,التخصيصات الصحية,2020
E,4,2,مساعدة المعوزين,2020
E,4,3,مساعدة الأوقاف الخيرية,2020
E,4,4,المساهمة في النشاطات الثقافية,2020
E,4,5,المساهمة في النشاطات التربوية,2020
E,4,6,المساهمة في النشاطات الرياضية,2020
E,4,7,المساهمة في النشاطات الاجتماعية,2020
E,4,8,المنح والجوائز المدرسية,2020
E,4,9,مساعدة المدارس,2020
E,4,10,مساعدة المكتبات,2020
E,4,11,مساعدة الهيئات التي لا تتوخّى الربح,2020
E,4,12,مساهمات إلى القطاع العام,2020
E,5,1,الاستقبالات,2020
E,5,2,الاحتفالات والمهرجانات,2020
E,5,4,المساهمة في موازنة اتحاد البلديات,2020
E,5,5,رديات,2020
E,5,6,نفقات التأمين,2020
E,5,7,إيفاء القروض,2020
E,5,9,المصاريف الأخرى غير الملحوظة,2020
E,6,1,احتياط الموازنة,2020
I,1,1,رسم على القيمة التأجيرية (سكن),2020
I,1,2,رسم على القيمة التأجيرية (غير سكن),2020
I,1,3,رسم صيانة المجارير والأرصفة,2020
I,1,6,رسم الترخيص للإعلان الدائم والمؤقت,2020
I,1,9,رسم الترخيص للمؤسسات المصنفة,2020
I,1,10,رسم الترخيص باحتراف المهن بالتجول,2020
I,1,11,رسم الترخيص بالبناء,2020
I,1,13,رسم إنفاق في وجوه محددة,2020
I,1,14,رسم تصوينة,2020
I,1,15,رسم الترميم,2020
I,1,16,رسم إنشاء مجارير وأرصفة,2020
I,1,17,رسم المرآب,2020
I,1,19,رسم الإستثمار للإعلان الدائم,2020
I,1,20,رسم الإستثمار للإعلان المؤقت,2020
I,1,25,رسم إستثمار اسبوعي للإعلان خارج دور السينما,2020
I,1,26,الرسم النسبي على المزايدات,2020
I,1,30,رسوم الدخول إلى الأماكن الأثرية والسياحية,2020
I,1,31,رسم تسجيل عقود الإيجار,2020
I,1,33,واردات ناتجة عن أشغال لحساب الغير,2020
I,1,35,رسوم وغرامات تسوية مخالفات البناء,2020
I,1,36,واردات مباشرة غير ملحوظة,2020
I,1,37,غرامات الاعمال غير المنفذة من البناء,2020
I,1,38,رسم المرآب السنوي على المؤسسات السياحية,2020
I,2,1,علاوة على ضريبة الأملاك المبنية النسبية,2020
I,2,2,حصة البلديات من المؤسسة العامة للاسكان,2020
I,2,7,ضريبة التحسين,2020
I,2,8,عائدات أخرى,2020
I,3,1,الحصة العائدة لدعم الموازنة,2020
I,3,2,الحصة المخصصة لدعم مشاريع التنمية,2020
I,4,1,المساعدات,2020
I,4,2,الفوائد,2020
I,4,3,القروض,2020
I,4,4,الهبات والوصايا,2020
I,4,5,الغرامات,2020
I,4,6,حاصلات الأملاك المبنية والمشاعات,2020
I,4,7,النقد المدور,2020
I,4,9,سائر العائدات غير الملحوظة,2020
E,1,1,تعويضات الرئاسة,2021
E,1,2,رواتب الموظفين,2021
E,1,3,بدلات التعاقد,2021
E,1,4,أجور الأجراء,2021
E,1,5,عائدات الجباية والغرامة,2021
E,1,6,المكافآت والتعويضات والتقديمات المختلفة,2021
E,1,7,اللوازم,2021
E,1,8,الملابس,2021
E,1,9,بدلات الإيجار والخدمات المشتركة,2021
E,1,10,المخابرات الهاتفية والبريد والبرق,2021
E,1,11,نفقات إدارية أخرى,2021
E,2,1,التجهيزات,2021
E,2,2,صيانة التجهيزات والآليات,2021
E,2,3,المفروشات,2021
E,2,4,النظافة العامة,2021
E,2,5,صيانة المباني,2021
E,2,6,شراء الآليات,2021
E,2,7,مكافحة الحشرات,2021
E,2,8,لوازم التنظيفات,2021
E,2,9,المحروقات,2021
E,2,10,أجور النقل والانتقال,2021
E,2,11,أجور العمّال اليوميين,2021
E,2,12,بدلات استهلاك الكهرباء,2021
E,2,13,بدلات اشتراك المياه,2021
E,2,14,صيانة الطرق العامة,2021
E,2,15,صيانة شبكات المياه,2021
E,1,2,رواتب الموظفين,2015
E,1,4,أجور الأجراء,2012
E,1,5,عائدات الجباية والغرامة,2012
E,1,6,المكافآت والتعويضات والتقديمات المختلفة,2012
E,1,7,اللوازم,2012
E,1,8,الملابس,2012
E,1,9,بدلات الإيجار والخدمات المشتركة,2012
E,1,10,المخابرات الهاتفية والبريد والبرق,2012
E,1,11,نفقات إدارية أخرى,2012
E,2,1,التجهيزات,2012
E,2,2,صيانة التجهيزات والآليات,2012
E,2,3,المفروشات,2012
E,2,4,النظافة العامة,2012
E,2,5,صيانة المباني,2012
E,2,6,شراء الآليات,2012
E,2,7,مكافحة الحشرات,2012
E,2,8,لوازم التنظيفات,2012
E,2,9,المحروقات,2012
E,2,10,أجور النقل والانتقال,2012
E,2,11,أجور العمّال اليوميين,2012
E,2,12,بدلات استهلاك الكهرباء,2012
E,2,13,بدلات اشتراك المياه,2012
E,2,14,صيانة الطرق العامة,2012
E,2,15,صيانة شبكات المياه,2012
E,2,16,صيانة شبكات الإنارة العامة,2012
E,3,1,إنشاء المباني,2012
E,3,2,إنشاء شبكات الإنارة العامة,2012
E,3,3,إنشاء شبكات المياه,2012
E,3,4,إنشاء شبكات المجارير,2012
E,3,5,إنشاء الطرق العامة والأرصفة والأقنية,2012
E,3,6,إنشاء الحدائق,2012
E,3,7,إنشاء الملاعب والمسابح,2012
E,3,8,إنشاءات أخرى,2012
E,3,9,نفقات الدروس,2012
E,3,10,تعويضات الإستملاك,2012
E,3,11,شراء الأبنية,2012
E,3,12,شراء العقارات,2012
E,4,1,التخصيصات الصحية,2012
E,4,2,مساعدة المعوزين,2012
E,4,3,مساعدة الأوقاف الخيرية,2012
E,4,4,المساهمة في النشاطات الثقافية,2012
E,4,5,المساهمة في النشاطات التربوية,2012
E,4,6,المساهمة في النشاطات الرياضية,2012
E,4,7,المساهمة في النشاطات الاجتماعية,2012
E,4,8,المنح والجوائز المدرسية,2012
E,4,9,مساعدة المدارس,2012
E,4,10,مساعدة المكتبات,2012
E,4,11,مساعدة الهيئات التي لا تتوخّى الربح,2012
E,4,12,مساهمات إلى القطاع العام,2012
E,5,1,الاستقبالات,2012
E,5,2,الاحتفالات والمهرجانات,2012
E,5,4,المساهمة في موازنة اتحاد البلديات,2012
E,5,5,رديات,2012
E,5,6,نفقات التأمين,2012
E,5,7,إيفاء القروض,2012
E,5,9,المصاريف الأخرى غير الملحوظة,2012
E,6,1,احتياط الموازنة,2012
I,1,1,رسم على القيمة التأجيرية (سكن),2012
I,1,2,رسم على القيمة التأجيرية (غير سكن),2012
I,1,3,رسم صيانة المجارير والأرصفة,2012
I,1,6,رسم الترخيص للإعلان الدائم والمؤقت,2012
I,1,9,رسم الترخيص للمؤسسات المصنفة,2012
I,1,10,رسم الترخيص باحتراف المهن بالتجول,2012
I,1,11,رسم الترخيص بالبناء,2012
I,1,13,رسم إنفاق في وجوه محددة,2012
I,1,14,رسم تصوينة,2012
I,1,15,رسم الترميم,2012
I,1,16,رسم إنشاء مجارير وأرصفة,2012
I,1,17,رسم المرآب,2012
I,1,19,رسم الإستثمار للإعلان الدائم,2012
I,1,20,رسم الإستثمار للإعلان المؤقت,2012
I,1,25,رسم إستثمار اسبوعي للإعلان خارج دور السينما,2012
I,1,26,الرسم النسبي على المزايدات,2012
I,1,30,رسوم الدخول إلى الأماكن الأثرية والسياحية,2012
I,1,31,رسم تسجيل عقود الإيجار,2012
I,1,33,واردات ناتجة عن أشغال لحساب الغير,2012
I,1,35,رسوم وغرامات تسوية مخالفات البناء,2012
I,1,36,واردات مباشرة غير ملحوظة,2012
I,1,37,غرامات الاعمال غير المنفذة من البناء,2012
I,1,38,رسم المرآب السنوي على المؤسسات السياحية,2012
I,2,1,علاوة على ضريبة الأملاك المبنية النسبية,2012
I,2,2,حصة البلديات من المؤسسة العامة للاسكان,2012
I,2,7,ضريبة التحسين,2012
I,2,8,عائدات أخرى,2012
I,3,1,الحصة العائدة لدعم الموازنة,2012
I,3,2,الحصة المخصصة لدعم مشاريع التنمية,2012
I,4,1,المساعدات,2012
I,4,2,الفوائد,2012
I,4,3,القروض,2012
I,4,4,الهبات والوصايا,2012
I,4,5,الغرامات,2012
I,4,6,حاصلات الأملاك المبنية والمشاعات,2012
I,4,7,النقد المدور,2012
I,4,9,سائر العائدات غير الملحوظة,2012
E,1,1,تعويضات الرئاسة,2014
E,1,2,رواتب الموظفين,2014
E,1,3,بدلات التعاقد,2014
E,1,4,أجور الأجراء,2014
E,1,5,عائدات الجباية والغرامة,2014
E,1,6,المكافآت والتعويضات والتقديمات المختلفة,2014
E,1,7,اللوازم,2014
E,1,8,الملابس,2014
E,1,9,بدلات الإيجار والخدمات المشتركة,2014
E,1,10,المخابرات الهاتفية والبريد والبرق,2014
E,1,11,نفقات إدارية أخرى,2014
E,2,1,التجهيزات,2014
E,2,2,صيانة التجهيزات والآليات,2014
E,2,3,المفروشات,2014
E,2,4,النظافة العامة,2014
E,2,5,صيانة المباني,2014
E,2,6,شراء الآليات,2014
E,2,7,مكافحة الحشرات,2014
E,2,8,لوازم التنظيفات,2014
E,2,9,المحروقات,2014
E,2,10,أجور النقل والانتقال,2014
E,2,11,أجور العمّال اليوميين,2014
E,2,12,بدلات استهلاك الكهرباء,2014
E,2,13,بدلات اشتراك المياه,2014
E,2,14,صيانة الطرق العامة,2014
E,2,15,صيانة شبكات المياه,2014
E,2,16,صيانة شبكات الإنارة العامة,2014
E,3,1,إنشاء المباني,2014
E,3,2,إنشاء شبكات الإنارة العامة,2014
E,3,3,إنشاء شبكات المياه,2014
E,3,4,إنشاء شبكات المجارير,2014
E,3,5,إنشاء الطرق العامة والأرصفة والأقنية,2014
E,3,6,إنشاء الحدائق,2014
E,3,7,إنشاء الملاعب والمسابح,2014
E,3,8,إنشاءات أخرى,2014
E,3,9,نفقات الدروس,2014
E,3,10,تعويضات الإستملاك,2014
E,3,11,شراء الأبنية,2014
E,3,12,شراء العقارات,2014
E,4,1,التخصيصات الصحية,2014
E,4,2,مساعدة المعوزين,2014
E,4,3,مساعدة الأوقاف الخيرية,2014
E,4,4,المساهمة في النشاطات الثقافية,2014
E,4,5,المساهمة في النشاطات التربوية,2014
E,4,6,المساهمة في النشاطات الرياضية,2014
E,4,7,المساهمة في النشاطات الاجتماعية,2014
E,4,8,المنح والجوائز المدرسية,2014
E,4,9,مساعدة المدارس,2014
E,4,10,مساعدة المكتبات,2014
E,4,11,مساعدة الهيئات التي لا تتوخّى الربح,2014
E,4,12,مساهمات إلى القطاع العام,2014
E,5,1,الاستقبالات,2014
E,5,2,الاحتفالات والمهرجانات,2014
E,5,4,المساهمة في موازنة اتحاد البلديات,2014
E,5,5,رديات,2014
E,5,6,نفقات التأمين,2014
E,5,7,إيفاء القروض,2014
E,3,5,إنشاء الطرق العامة والأرصفة والأقنية,2011
E,3,6,إنشاء الحدائق,2011
E,1,3,بدلات التعاقد,2015
E,1,4,أجور الأجراء,2015
E,1,5,عائدات الجباية والغرامة,2015
E,1,6,المكافآت والتعويضات والتقديمات المختلفة,2015
E,1,7,اللوازم,2015
E,1,8,الملابس,2015
E,1,9,بدلات الإيجار والخدمات المشتركة,2015
E,1,10,المخابرات الهاتفية والبريد والبرق,2015
E,1,11,نفقات إدارية أخرى,2015
E,2,1,التجهيزات,2015
E,2,2,صيانة التجهيزات والآليات,2015
E,2,3,المفروشات,2015
E,2,4,النظافة العامة,2015
E,2,5,صيانة المباني,2015
E,2,6,شراء الآليات,2015
E,2,7,مكافحة الحشرات,2015
E,2,8,لوازم التنظيفات,2015
E,2,9,المحروقات,2015
E,2,10,أجور النقل والانتقال,2015
E,2,11,أجور العمّال اليوميين,2015
E,2,12,بدلات استهلاك الكهرباء,2015
E,2,13,بدلات اشتراك المياه,2015
E,2,14,صيانة الطرق العامة,2015
E,2,15,صيانة شبكات المياه,2015
E,2,16,صيانة شبكات الإنارة العامة,2015
E,3,1,إنشاء المباني,2015
E,3,2,إنشاء شبكات الإنارة العامة,2015
E,3,3,إنشاء شبكات المياه,2015
E,3,4,إنشاء شبكات المجارير,2015
E,3,5,إنشاء الطرق العامة والأرصفة والأقنية,2015
E,3,6,إنشاء الحدائق,2015
E,3,7,إنشاء الملاعب والمسابح,2015
E,3,8,إنشاءات أخرى,2015
E,3,9,نفقات الدروس,2015
E,3,10,تعويضات الإستملاك,2015
E,3,11,شراء الأبنية,2015
E,3,12,شراء العقارات,2015
E,4,1,التخصيصات الصحية,2015
E,4,2,مساعدة المعوزين,2015
E,4,3,مساعدة الأوقاف الخيرية,2015
E,4,4,المساهمة في النشاطات الثقافية,2015
E,4,5,المساهمة في النشاطات التربوية,2015
E,4,6,المساهمة في النشاطات الرياضية,2015
E,4,7,المساهمة في النشاطات الاجتماعية,2015
E,4,8,المنح والجوائز المدرسية,2015
E,4,9,مساعدة المدارس,2015
E,4,10,مساعدة المكتبات,2015
E,4,11,مساعدة الهيئات التي لا تتوخّى الربح,2015
E,4,12,مساهمات إلى القطاع العام,2015
E,5,1,الاستقبالات,2015
E,5,2,الاحتفالات والمهرجانات,2015
E,5,4,المساهمة في موازنة اتحاد البلديات,2015
E,5,5,رديات,2015
E,5,6,نفقات التأمين,2015
E,5,7,إيفاء القروض,2015
E,5,9,المصاريف الأخرى غير الملحوظة,2015
E,6,1,احتياط الموازنة,2015
I,1,1,رسم على القيمة التأجيرية (سكن),2015
I,1,2,رسم على القيمة التأجيرية (غير سكن),2015
I,1,3,رسم صيانة المجارير والأرصفة,2015
I,1,6,رسم الترخيص للإعلان الدائم والمؤقت,2015
I,1,9,رسم الترخيص للمؤسسات المصنفة,2015
I,1,10,رسم الترخيص باحتراف المهن بالتجول,2015
I,1,11,رسم الترخيص بالبناء,2015
I,1,13,رسم إنفاق في وجوه محددة,2015
I,1,14,رسم تصوينة,2015
I,1,15,رسم الترميم,2015
I,1,16,رسم إنشاء مجارير وأرصفة,2015
I,1,17,رسم المرآب,2015
I,1,19,رسم الإستثمار للإعلان الدائم,2015
I,1,20,رسم الإستثمار للإعلان المؤقت,2015
I,1,25,رسم إستثمار اسبوعي للإعلان خارج دور السينما,2015
I,1,26,الرسم النسبي على المزايدات,2015
I,1,30,رسوم الدخول إلى الأماكن الأثرية والسياحية,2015
I,1,31,رسم تسجيل عقود الإيجار,2015
I,1,33,واردات ناتجة عن أشغال لحساب الغير,2015
I,1,35,رسوم وغرامات تسوية مخالفات البناء,2015
I,1,36,واردات مباشرة غير ملحوظة,2015
I,1,37,غرامات الاعمال غير المنفذة من البناء,2015
I,1,38,رسم المرآب السنوي على المؤسسات السياحية,2015
I,2,1,علاوة على ضريبة الأملاك المبنية النسبية,2015
I,2,2,حصة البلديات من المؤسسة العامة للاسكان,2015
I,2,7,ضريبة التحسين,2015
I,2,8,عائدات أخرى,2015
I,3,1,الحصة العائدة لدعم الموازنة,2015
I,3,2,الحصة المخصصة لدعم مشاريع التنمية,2015
I,4,1,المساعدات,2015
I,4,2,الفوائد,2015
I,4,3,القروض,2015
I,4,4,الهبات والوصايا,2015
I,4,5,الغرامات,2015
I,4,6,حاصلات الأملاك المبنية والمشاعات,2015
I,4,7,النقد المدور,2015
I,4,9,سائر العائدات غير الملحوظة,2015
E,1,1,تعويضات الرئاسة,2016
E,1,2,رواتب الموظفين,2016
E,1,3,بدلات التعاقد,2016
E,1,4,أجور الأجراء,2016
E,1,5,عائدات الجباية والغرامة,2016
E,1,6,المكافآت والتعويضات والتقديمات المختلفة,2016
E,1,7,اللوازم,2016
E,1,8,الملابس,2016
E,1,9,بدلات الإيجار والخدمات المشتركة,2016
E,1,10,المخابرات الهاتفية والبريد والبرق,2016
E,1,11,نفقات إدارية أخرى,2016
E,2,1,التجهيزات,2016
E,2,2,صيانة التجهيزات والآليات,2016
E,2,3,المفروشات,2016
E,2,4,النظافة العامة,2016
E,2,5,صيانة المباني,2016
E,2,6,شراء الآليات,2016
E,2,7,مكافحة الحشرات,2016
E,2,8,لوازم التنظيفات,2016
E,2,9,المحروقات,2016
E,2,10,أجور النقل والانتقال,2016
E,2,11,أجور العمّال اليوميين,2016
E,2,12,بدلات استهلاك الكهرباء,2016
E,2,13,بدلات اشتراك المياه,2016
E,2,14,صيانة الطرق العامة,2016
E,2,15,صيانة شبكات المياه,2016
E,2,16,صيانة شبكات الإنارة العامة,2016
E,3,1,إنشاء المباني,2016
E,3,2,إنشاء شبكات الإنارة العامة,2016
E,3,3,إنشاء شبكات المياه,2016
E,3,4,إنشاء شبكات المجارير,2016
E,3,5,إنشاء الطرق العامة والأرصفة والأقنية,2016
E,3,6,إنشاء الحدائق,2016
E,3,7,إنشاء الملاعب والمسابح,2016
E,3,8,إنشاءات أخرى,2016
E,3,9,نفقات الدروس,2016
E,3,10,تعويضات الإستملاك,2016
E,3,11,شراء الأبنية,2016
E,3,12,شراء العقارات,2016
E,4,1,التخصيصات الصحية,2016
E,4,2,مساعدة المعوزين,2016
E,4,3,مساعدة الأوقاف الخيرية,2016
E,4,4,المساهمة في النشاطات الثقافية,2016
E,4,5,المساهمة في النشاطات التربوية,2016
E,4,6,المساهمة في النشاطات الرياضية,2016
E,4,7,المساهمة في النشاطات الاجتماعية,2016
E,4,8,المنح والجوائز المدرسية,2016
E,4,9,مساعدة المدارس,2016
E,4,10,مساعدة المكتبات,2016
E,4,11,مساعدة الهيئات التي لا تتوخّى الربح,2016
E,4,12,مساهمات إلى القطاع العام,2016
E,5,1,الاستقبالات,2016
E,5,2,الاحتفالات والمهرجانات,2016
E,5,4,المساهمة في موازنة اتحاد البلديات,2016
E,5,5,رديات,2016
E,5,6,نفقات التأمين,2016
E,5,7,إيفاء القروض,2016
E,1,1,تعويضات الرئاسة,2012
E,2,16,صيانة شبكات الإنارة العامة,2021
E,3,1,إنشاء المباني,2021
E,3,2,إنشاء شبكات الإنارة العامة,2021
E,3,3,إنشاء شبكات المياه,2021
E,3,4,إنشاء شبكات المجارير,2021
E,3,5,إنشاء الطرق العامة والأرصفة والأقنية,2021
E,3,6,إنشاء الحدائق,2021
E,3,7,إنشاء الملاعب والمسابح,2021
E,3,8,إنشاءات أخرى,2021
E,3,9,نفقات الدروس,2021
E,3,10,تعويضات الإستملاك,2021
E,3,11,شراء الأبنية,2021
E,3,12,شراء العقارات,2021
E,4,1,التخصيصات الصحية,2021
E,4,2,مساعدة المعوزين,2021
E,4,3,مساعدة الأوقاف الخيرية,2021
E,4,4,المساهمة في النشاطات الثقافية,2021
E,4,5,المساهمة في النشاطات التربوية,2021
E,4,6,المساهمة في النشاطات الرياضية,2021
E,4,7,المساهمة في النشاطات الاجتماعية,2021
E,4,8,المنح والجوائز المدرسية,2021
E,4,9,مساعدة المدارس,2021
E,4,10,مساعدة المكتبات,2021
E,4,11,مساعدة الهيئات التي لا تتوخّى الربح,2021
E,4,12,مساهمات إلى القطاع العام,2021
E,5,1,الاستقبالات,2021
E,5,2,الاحتفالات والمهرجانات,2021
E,5,4,المساهمة في موازنة اتحاد البلديات,2021
E,5,5,رديات,2021
E,5,6,نفقات التأمين,2021
E,5,7,إيفاء القروض,2021
E,5,9,المصاريف الأخرى غير الملحوظة,2021
E,6,1,احتياط الموازنة,2021
I,1,1,رسم على القيمة التأجيرية (سكن),2021
I,1,2,رسم على القيمة التأجيرية (غير سكن),2021
I,1,3,رسم صيانة المجارير والأرصفة,2021
I,1,6,رسم الترخيص للإعلان الدائم والمؤقت,2021
I,1,9,رسم الترخيص للمؤسسات المصنفة,2021
I,1,10,رسم الترخيص باحتراف المهن بالتجول,2021
I,1,11,رسم الترخيص بالبناء,2021
I,1,13,رسم إنفاق في وجوه محددة,2021
I,1,14,رسم تصوينة,2021
I,1,15,رسم الترميم,2021
I,1,16,رسم إنشاء مجارير وأرصفة,2021
I,1,17,رسم المرآب,2021
I,1,19,رسم الإستثمار للإعلان الدائم,2021
I,1,20,رسم الإستثمار للإعلان المؤقت,2021
I,1,25,رسم إستثمار اسبوعي للإعلان خارج دور السينما,2021
I,1,26,الرسم النسبي على المزايدات,2021
I,1,30,رسوم الدخول إلى الأماكن الأثرية والسياحية,2021
I,1,31,رسم تسجيل عقود الإيجار,2021
I,1,33,واردات ناتجة عن أشغال لحساب الغير,2021
I,1,35,رسوم وغرامات تسوية مخالفات البناء,2021
I,1,36,واردات مباشرة غير ملحوظة,2021
I,1,37,غرامات الاعمال غير المنفذة من البناء,2021
I,1,38,رسم المرآب السنوي على المؤسسات السياحية,2021
I,2,1,علاوة على ضريبة الأملاك المبنية النسبية,2021
I,2,2,حصة البلديات من المؤسسة العامة للاسكان,2021
I,2,7,ضريبة التحسين,2021
I,2,8,عائدات أخرى,2021
I,3,1,الحصة العائدة لدعم الموازنة,2021
I,3,2,الحصة المخصصة لدعم مشاريع التنمية,2021
I,4,1,المساعدات,2021
I,4,2,الفوائد,2021
I,4,3,القروض,2021
I,4,4,الهبات والوصايا,2021
I,4,5,الغرامات,2021
I,4,6,حاصلات الأملاك المبنية والمشاعات,2021
I,4,7,النقد المدور,2021
I,4,9,سائر العائدات غير الملحوظة,2021
E,1,1,تعويضات الرئاسة,2022
E,1,2,رواتب الموظفين,2022
E,1,3,بدلات التعاقد,2022
E,1,4,أجور الأجراء,2022
E,1,5,عائدات الجباية والغرامة,2022
E,1,6,المكافآت والتعويضات والتقديمات المختلفة,2022
E,1,7,اللوازم,2022
E,1,8,الملابس,2022
E,1,9,بدلات الإيجار والخدمات المشتركة,2022
E,1,10,المخابرات الهاتفية والبريد والبرق,2022
E,1,11,نفقات إدارية أخرى,2022
E,2,1,التجهيزات,2022
E,2,2,صيانة التجهيزات والآليات,2022
E,2,3,المفروشات,2022
E,2,4,النظافة العامة,2022
E,2,5,صيانة المباني,2022
E,2,6,شراء الآليات,2022
E,2,7,مكافحة الحشرات,2022
E,2,8,لوازم التنظيفات,2022
E,2,9,المحروقات,2022
E,2,10,أجور النقل والانتقال,2022
E,2,11,أجور العمّال اليوميين,2022
E,2,12,بدلات استهلاك الكهرباء,2022
E,2,13,بدلات اشتراك المياه,2022
E,2,14,صيانة الطرق العامة,2022
E,2,15,صيانة شبكات المياه,2022
E,2,16,صيانة شبكات الإنارة العامة,2022
E,3,1,إنشاء المباني,2022
E,3,2,إنشاء شبكات الإنارة العامة,2022
E,3,3,إنشاء شبكات المياه,2022
E,3,4,إنشاء شبكات المجارير,2022
E,3,5,إنشاء الطرق العامة والأرصفة والأقنية,2022
E,3,6,إنشاء الحدائق,2022
E,3,7,إنشاء الملاعب والمسابح,2022
E,3,8,إنشاءات أخرى,2022
E,3,9,نفقات الدروس,2022
E,3,10,تعويضات الإستملاك,2022
E,3,11,شراء الأبنية,2022
E,3,12,شراء العقارات,2022
E,4,1,التخصيصات الصحية,2022
E,4,2,مساعدة المعوزين,2022
E,4,3,مساعدة الأوقاف الخيرية,2022
E,4,4,المساهمة في النشاطات الثقافية,2022
E,4,5,المساهمة في النشاطات التربوية,2022
E,4,6,المساهمة في النشاطات الرياضية,2022
E,4,7,المساهمة في النشاطات الاجتماعية,2022
E,4,8,المنح والجوائز المدرسية,2022
E,4,9,مساعدة المدارس,2022
E,4,10,مساعدة المكتبات,2022
E,4,11,مساعدة الهيئات التي لا تتوخّى الربح,2022
E,4,12,مساهمات إلى القطاع العام,2022
E,5,1,الاستقبالات,2022
E,5,2,الاحتفالات والمهرجانات,2022
E,5,4,المساهمة في موازنة اتحاد البلديات,2022
E,5,5,رديات,2022
E,5,6,نفقات التأمين,2022
E,5,7,إيفاء القروض,2022
E,5,9,المصاريف الأخرى غير الملحوظة,2022
E,6,1,احتياط الموازنة,2022
I,1,1,رسم على القيمة التأجيرية (سكن),2022
I,1,2,رسم على القيمة التأجيرية (غير سكن),2022
I,1,3,رسم صيانة المجارير والأرصفة,2022
I,1,6,رسم الترخيص للإعلان الدائم والمؤقت,2022
I,1,9,رسم الترخيص للمؤسسات المصنفة,2022
I,1,10,رسم الترخيص باحتراف المهن بالتجول,2022
I,1,11,رسم الترخيص بالبناء,2022
I,1,13,رسم إنفاق في وجوه محددة,2022
I,1,14,رسم تصوينة,2022
I,1,15,رسم الترميم,2022
I,1,16,رسم إنشاء مجارير وأرصفة,2022
I,1,17,رسم المرآب,2022
E,1,2,رواتب الموظفين,2012
E,1,3,بدلات التعاقد,2012
E,3,7,إنشاء الملاعب والمسابح,2011
E,3,8,إنشاءات أخرى,2011
E,3,9,نفقات الدروس,2011
E,3,10,تعويضات الإستملاك,2011
E,3,11,شراء الأبنية,2011
E,3,12,شراء العقارات,2011
E,4,1,التخصيصات الصحية,2011
E,4,2,مساعدة المعوزين,2011
E,4,3,مساعدة الأوقاف الخيرية,2011
E,4,4,المساهمة في النشاطات الثقافية,2011
E,4,5,المساهمة في النشاطات التربوية,2011
E,4,6,المساهمة في النشاطات الرياضية,2011
E,4,7,المساهمة في النشاطات الاجتماعية,2011
E,4,8,المنح والجوائز المدرسية,2011
E,4,9,مساعدة المدارس,2011
E,4,10,مساعدة المكتبات,2011
E,4,11,مساعدة الهيئات التي لا تتوخّى الربح,2011
E,4,12,مساهمات إلى القطاع العام,2011
E,5,1,الاستقبالات,2011
E,5,2,الاحتفالات والمهرجانات,2011
E,5,4,المساهمة في موازنة اتحاد البلديات,2011
E,5,5,رديات,2011
E,5,6,نفقات التأمين,2011
E,5,7,إيفاء القروض,2011
E,5,9,المصاريف الأخرى غير الملحوظة,2011
E,6,1,احتياط الموازنة,2011
I,1,1,رسم على القيمة التأجيرية (سكن),2011
I,1,2,رسم على القيمة التأجيرية (غير سكن),2011
I,1,3,رسم صيانة المجارير والأرصفة,2011
I,1,6,رسم الترخيص للإعلان الدائم والمؤقت,2011
I,1,9,رسم الترخيص للمؤسسات المصنفة,2011
I,1,10,رسم الترخيص باحتراف المهن بالتجول,2011
I,1,11,رسم الترخيص بالبناء,2011
I,1,13,رسم إنفاق في وجوه محددة,2011
I,1,14,رسم تصوينة,2011
I,1,15,رسم الترميم,2011
I,1,16,رسم إنشاء مجارير وأرصفة,2011
I,1,17,رسم المرآب,2011
I,1,19,رسم الإستثمار للإعلان الدائم,2011
I,1,20,رسم الإستثمار للإعلان المؤقت,2011
I,1,25,رسم إستثمار اسبوعي للإعلان خارج دور السينما,2011
I,1,26,الرسم النسبي على المزايدات,2011
I,1,30,رسوم الدخول إلى الأماكن الأثرية والسياحية,2011
I,1,31,رسم تسجيل عقود الإيجار,2011
I,1,33,واردات ناتجة عن أشغال لحساب الغير,2011
I,1,35,رسوم وغرامات تسوية مخالفات البناء,2011
I,1,36,واردات مباشرة غير ملحوظة,2011
I,1,37,غرامات الاعمال غير المنفذة من البناء,2011
I,1,38,رسم المرآب السنوي على المؤسسات السياحية,2011
I,2,1,علاوة على ضريبة الأملاك المبنية النسبية,2011
I,2,2,حصة البلديات من المؤسسة العامة للاسكان,2011
I,2,7,ضريبة التحسين,2011
I,2,8,عائدات أخرى,2011
I,3,1,الحصة العائدة لدعم الموازنة,2011
I,3,2,الحصة المخصصة لدعم مشاريع التنمية,2011
I,4,1,المساعدات,2011
I,4,2,الفوائد,2011
I,4,3,القروض,2011
I,4,4,الهبات والوصايا,2011
I,4,5,الغرامات,2011
I,4,6,حاصلات الأملاك المبنية والمشاعات,2011
I,4,7,النقد المدور,2011
I,4,9,سائر العائدات غير الملحوظة,2011
E,1,1,تعويضات الرئاسة,2013
E,1,2,رواتب الموظفين,2013
E,1,3,بدلات التعاقد,2013
E,1,4,أجور الأجراء,2013
E,1,5,عائدات الجباية والغرامة,2013
E,1,6,المكافآت والتعويضات والتقديمات المختلفة,2013
E,1,7,اللوازم,2013
E,1,8,الملابس,2013
E,1,9,بدلات الإيجار والخدمات المشتركة,2013
E,1,10,المخابرات الهاتفية والبريد والبرق,2013
E,1,11,نفقات إدارية أخرى,2013
E,2,1,التجهيزات,2013
E,2,2,صيانة التجهيزات والآليات,2013
E,2,3,المفروشات,2013
E,2,4,النظافة العامة,2013
E,2,5,صيانة المباني,2013
E,2,6,شراء الآليات,2013
E,2,7,مكافحة الحشرات,2013
E,2,8,لوازم التنظيفات,2013
E,2,9,المحروقات,2013
E,2,10,أجور النقل والانتقال,2013
E,2,11,أجور العمّال اليوميين,2013
E,2,12,بدلات استهلاك الكهرباء,2013
E,2,13,بدلات اشتراك المياه,2013
E,2,14,صيانة الطرق العامة,2013
E,2,15,صيانة شبكات المياه,2013
E,2,16,صيانة شبكات الإنارة العامة,2013
E,3,1,إنشاء المباني,2013
E,3,2,إنشاء شبكات الإنارة العامة,2013
E,3,3,إنشاء شبكات المياه,2013
E,3,4,إنشاء شبكات المجارير,2013
E,3,5,إنشاء الطرق العامة والأرصفة والأقنية,2013
E,3,6,إنشاء الحدائق,2013
E,3,7,إنشاء الملاعب والمسابح,2013
E,3,8,إنشاءات أخرى,2013
E,3,9,نفقات الدروس,2013
E,3,10,تعويضات الإستملاك,2013
E,3,11,شراء الأبنية,2013
E,3,12,شراء العقارات,2013
E,4,1,التخصيصات الصحية,2013
E,4,2,مساعدة المعوزين,2013
E,4,3,مساعدة الأوقاف الخيرية,2013
E,4,4,المساهمة في النشاطات الثقافية,2013
E,4,5,المساهمة في النشاطات التربوية,2013
E,4,6,المساهمة في النشاطات الرياضية,2013
E,4,7,المساهمة في النشاطات الاجتماعية,2013
E,4,8,المنح والجوائز المدرسية,2013
E,4,9,مساعدة المدارس,2013
E,4,10,مساعدة المكتبات,2013
E,4,11,مساعدة الهيئات التي لا تتوخّى الربح,2013
E,4,12,مساهمات إلى القطاع العام,2013
E,5,1,الاستقبالات,2013
E,5,2,الاحتفالات والمهرجانات,2013
E,5,4,المساهمة في موازنة اتحاد البلديات,2013
E,5,5,رديات,2013
E,5,6,نفقات التأمين,2013
E,5,7,إيفاء القروض,2013
E,5,9,المصاريف الأخرى غير الملحوظة,2013
E,6,1,احتياط الموازنة,2013
I,1,1,رسم على القيمة التأجيرية (سكن),2013
I,1,2,رسم على القيمة التأجيرية (غير سكن),2013
I,1,3,رسم صيانة المجارير والأرصفة,2013
I,1,6,رسم الترخيص للإعلان الدائم والمؤقت,2013
I,1,9,رسم الترخيص للمؤسسات المصنفة,2013
I,1,10,رسم الترخيص باحتراف المهن بالتجول,2013
I,1,11,رسم الترخيص بالبناء,2013
I,1,13,رسم إنفاق في وجوه محددة,2013
I,1,14,رسم تصوينة,2013
I,1,15,رسم الترميم,2013
I,1,16,رسم إنشاء مجارير وأرصفة,2013
I,1,17,رسم المرآب,2013
I,1,19,رسم الإستثمار للإعلان الدائم,2013
I,1,20,رسم الإستثمار للإعلان المؤقت,2013
I,1,25,رسم إستثمار اسبوعي للإعلان خارج دور السينما,2013
I,1,26,الرسم النسبي على المزايدات,2013
I,1,30,رسوم الدخول إلى الأماكن الأثرية والسياحية,2013
I,1,31,رسم تسجيل عقود الإيجار,2013
I,1,33,واردات ناتجة عن أشغال لحساب الغير,2013
I,1,35,رسوم وغرامات تسوية مخالفات البناء,2013
I,1,36,واردات مباشرة غير ملحوظة,2013
I,1,37,غرامات الاعمال غير المنفذة من البناء,2013
I,1,38,رسم المرآب السنوي على المؤسسات السياحية,2013
I,2,1,علاوة على ضريبة الأملاك المبنية النسبية,2013
I,2,2,حصة البلديات من المؤسسة العامة للاسكان,2013
I,2,7,ضريبة التحسين,2013
I,2,8,عائدات أخرى,2013
I,3,1,الحصة العائدة لدعم الموازنة,2013
I,3,2,الحصة المخصصة لدعم مشاريع التنمية,2013
I,4,1,المساعدات,2013
I,4,2,الفوائد,2013
I,4,3,القروض,2013
I,4,4,الهبات والوصايا,2013
I,4,5,الغرامات,2013
I,4,6,حاصلات الأملاك المبنية والمشاعات,2013
I,4,7,النقد المدور,2013
I,4,9,سائر العائدات غير الملحوظة,2013
E,5,9,المصاريف الأخرى غير الملحوظة,2014
E,6,1,احتياط الموازنة,2014
I,1,1,رسم على القيمة التأجيرية (سكن),2014
I,1,2,رسم على القيمة التأجيرية (غير سكن),2014
I,1,3,رسم صيانة المجارير والأرصفة,2014
I,1,6,رسم الترخيص للإعلان الدائم والمؤقت,2014
I,1,9,رسم الترخيص للمؤسسات المصنفة,2014
I,1,10,رسم الترخيص باحتراف المهن بالتجول,2014
I,1,11,رسم الترخيص بالبناء,2014
I,1,13,رسم إنفاق في وجوه محددة,2014
I,1,14,رسم تصوينة,2014
I,1,15,رسم الترميم,2014
I,1,16,رسم إنشاء مجارير وأرصفة,2014
I,1,17,رسم المرآب,2014
I,1,19,رسم الإستثمار للإعلان الدائم,2014
I,1,20,رسم الإستثمار للإعلان المؤقت,2014
I,1,25,رسم إستثمار اسبوعي للإعلان خارج دور السينما,2014
I,1,26,الرسم النسبي على المزايدات,2014
I,1,30,رسوم الدخول إلى الأماكن الأثرية والسياحية,2014
I,1,31,رسم تسجيل عقود الإيجار,2014
I,1,33,واردات ناتجة عن أشغال لحساب الغير,2014
I,1,35,رسوم وغرامات تسوية مخالفات البناء,2014
I,1,36,واردات مباشرة غير ملحوظة,2014
I,1,37,غرامات الاعمال غير المنفذة من البناء,2014
I,1,38,رسم المرآب السنوي على المؤسسات السياحية,2014
I,2,1,علاوة على ضريبة الأملاك المبنية النسبية,2014
I,2,2,حصة البلديات من المؤسسة العامة للاسكان,2014
I,2,7,ضريبة التحسين,2014
I,2,8,عائدات أخرى,2014
I,3,1,الحصة العائدة لدعم الموازنة,2014
I,3,2,الحصة المخصصة لدعم مشاريع التنمية,2014
I,4,1,المساعدات,2014
I,4,2,الفوائد,2014
I,4,3,القروض,2014
I,4,4,الهبات والوصايا,2014
I,4,5,الغرامات,2014
I,4,6,حاصلات الأملاك المبنية والمشاعات,2014
I,4,7,النقد المدور,2014
I,4,9,سائر العائدات غير الملحوظة,2014
E,4,1,التخصيصات الصحية,2019
E,4,2,مساعدة المعوزين,2019
E,4,3,مساعدة الأوقاف الخيرية,2019
E,4,4,المساهمة في النشاطات الثقافية,2019
E,4,5,المساهمة في النشاطات التربوية,2019
E,4,6,المساهمة في النشاطات الرياضية,2019
E,4,7,المساهمة في النشاطات الاجتماعية,2019
E,4,8,المنح والجوائز المدرسية,2019
E,4,9,مساعدة المدارس,2019
E,4,10,مساعدة المكتبات,2019
E,4,11,مساعدة الهيئات التي لا تتوخّى الربح,2019
E,4,12,مساهمات إلى القطاع العام,2019
E,5,1,الاستقبالات,2019
E,5,2,الاحتفالات والمهرجانات,2019
E,5,4,المساهمة في موازنة اتحاد البلديات,2019
E,5,5,رديات,2019
E,5,6,نفقات التأمين,2019
E,5,7,إيفاء القروض,2019
E,5,9,المصاريف الأخرى غير الملحوظة,2019
E,6,1,احتياط الموازنة,2019
I,1,1,رسم على القيمة التأجيرية (سكن),2019
I,1,2,رسم على القيمة التأجيرية (غير سكن),2019
I,1,3,رسم صيانة المجارير والأرصفة,2019
I,1,6,رسم الترخيص للإعلان الدائم والمؤقت,2019
I,1,9,رسم الترخيص للمؤسسات المصنفة,2019
I,1,10,رسم الترخيص باحتراف المهن بالتجول,2019
I,1,11,رسم الترخيص بالبناء,2019
I,1,13,رسم إنفاق في وجوه محددة,2019
I,1,14,رسم تصوينة,2019
I,1,15,رسم الترميم,2019
I,1,16,رسم إنشاء مجارير وأرصفة,2019
I,1,17,رسم المرآب,2019
I,1,19,رسم الإستثمار للإعلان الدائم,2019
I,1,20,رسم الإستثمار للإعلان المؤقت,2019
I,1,25,رسم إستثمار اسبوعي للإعلان خارج دور السينما,2019
I,1,26,الرسم النسبي على المزايدات,2019
I,1,30,رسوم الدخول إلى الأماكن الأثرية والسياحية,2019
I,1,31,رسم تسجيل عقود الإيجار,2019
I,1,33,واردات ناتجة عن أشغال لحساب الغير,2019
I,1,35,رسوم وغرامات تسوية مخالفات البناء,2019
I,1,36,واردات مباشرة غير ملحوظة,2019
I,1,37,غرامات الاعمال غير المنفذة من البناء,2019
I,1,38,رسم المرآب السنوي على المؤسسات السياحية,2019
I,2,1,علاوة على ضريبة الأملاك المبنية النسبية,2019
I,2,2,حصة البلديات من المؤسسة العامة للاسكان,2019
I,2,7,ضريبة التحسين,2019
I,2,8,عائدات أخرى,2019
I,3,1,الحصة العائدة لدعم الموازنة,2019
I,3,2,الحصة المخصصة لدعم مشاريع التنمية,2019
I,4,1,المساعدات,2019
I,4,2,الفوائد,2019
I,4,3,القروض,2019
I,4,4,الهبات والوصايا,2019
I,4,5,الغرامات,2019
I,4,6,حاصلات الأملاك المبنية والمشاعات,2019
I,4,7,النقد المدور,2019
I,4,9,سائر العائدات غير الملحوظة,2019
E,5,9,المصاريف الأخرى غير الملحوظة,2016
E,6,1,احتياط الموازنة,2016
I,1,1,رسم على القيمة التأجيرية (سكن),2016
I,1,2,رسم على القيمة التأجيرية (غير سكن),2016
I,1,3,رسم صيانة المجارير والأرصفة,2016
I,1,6,رسم الترخيص للإعلان الدائم والمؤقت,2016
I,1,9,رسم الترخيص للمؤسسات المصنفة,2016
I,1,10,رسم الترخيص باحتراف المهن بالتجول,2016
I,1,11,رسم الترخيص بالبناء,2016
I,1,13,رسم إنفاق في وجوه محددة,2016
I,1,14,رسم تصوينة,2016
I,1,15,رسم الترميم,2016
I,1,16,رسم إنشاء مجارير وأرصفة,2016
I,1,17,رسم المرآب,2016
I,1,19,رسم الإستثمار للإعلان الدائم,2016
I,1,20,رسم الإستثمار للإعلان المؤقت,2016
I,1,25,رسم إستثمار اسبوعي للإعلان خارج دور السينما,2016
I,1,26,الرسم النسبي على المزايدات,2016
I,1,30,رسوم الدخول إلى الأماكن الأثرية والسياحية,2016
I,1,31,رسم تسجيل عقود الإيجار,2016
I,1,33,واردات ناتجة عن أشغال لحساب الغير,2016
I,1,35,رسوم وغرامات تسوية مخالفات البناء,2016
I,1,36,واردات مباشرة غير ملحوظة,2016
I,1,37,غرامات الاعمال غير المنفذة من البناء,2016
I,1,38,رسم المرآب السنوي على المؤسسات السياحية,2016
I,2,1,علاوة على ضريبة الأملاك المبنية النسبية,2016
I,2,2,حصة البلديات من المؤسسة العامة للاسكان,2016
I,2,7,ضريبة التحسين,2016
I,2,8,عائدات أخرى,2016
I,3,1,الحصة العائدة لدعم الموازنة,2016
I,3,2,الحصة المخصصة لدعم مشاريع التنمية,2016
I,4,1,المساعدات,2016
I,4,2,الفوائد,2016
I,4,3,القروض,2016
I,4,4,الهبات والوصايا,2016
I,4,5,الغرامات,2016
I,4,6,حاصلات الأملاك المبنية والمشاعات,2016
I,4,7,النقد المدور,2016
I,4,9,سائر العائدات غير الملحوظة,2016
E,1,1,تعويضات الرئاسة,2018
E,1,2,رواتب الموظفين,2018
E,1,3,بدلات التعاقد,2018
E,1,4,أجور الأجراء,2018
E,1,5,عائدات الجباية والغرامة,2018
E,1,6,المكافآت والتعويضات والتقديمات المختلفة,2018
E,1,7,اللوازم,2018
E,1,8,الملابس,2018
E,1,9,بدلات الإيجار والخدمات المشتركة,2018
E,1,10,المخابرات الهاتفية والبريد والبرق,2018
E,1,11,نفقات إدارية أخرى,2018
E,2,1,التجهيزات,2018
E,2,2,صيانة التجهيزات والآليات,2018
E,2,3,المفروشات,2018
E,2,4,النظافة العامة,2018
E,2,5,صيانة المباني,2018
E,2,6,شراء الآليات,2018
E,2,7,مكافحة الحشرات,2018
E,2,8,لوازم التنظيفات,2018
E,2,9,المحروقات,2018
E,2,10,أجور النقل والانتقال,2018
E,2,11,أجور العمّال اليوميين,2018
E,2,12,بدلات استهلاك الكهرباء,2018
E,2,13,بدلات اشتراك المياه,2018
E,2,14,صيانة الطرق العامة,2018
E,2,15,صيانة شبكات المياه,2018
E,2,16,صيانة شبكات الإنارة العامة,2018
E,3,1,إنشاء المباني,2018
E,3,2,إنشاء شبكات الإنارة العامة,2018
E,3,3,إنشاء شبكات المياه,2018
E,3,4,إنشاء شبكات المجارير,2018
E,3,5,إنشاء الطرق العامة والأرصفة والأقنية,2018
E,3,6,إنشاء الحدائق,2018
E,3,7,إنشاء الملاعب والمسابح,2018
E,3,8,إنشاءات أخرى,2018
E,3,9,نفقات الدروس,2018
E,3,10,تعويضات الإستملاك,2018
E,3,11,شراء الأبنية,2018
E,3,12,شراء العقارات,2018
E,4,1,التخصيصات الصحية,2018
E,4,2,مساعدة المعوزين,2018
E,4,3,مساعدة الأوقاف الخيرية,2018
E,4,4,المساهمة في النشاطات الثقافية,2018
E,4,5,المساهمة في النشاطات التربوية,2018
E,4,6,المساهمة في النشاطات الرياضية,2018
E,4,7,المساهمة في النشاطات الاجتماعية,2018
E,4,8,المنح والجوائز المدرسية,2018
E,4,9,مساعدة المدارس,2018
E,4,10,مساعدة المكتبات,2018
E,4,11,مساعدة الهيئات التي لا تتوخّى الربح,2018
E,4,12,مساهمات إلى القطاع العام,2018
E,5,1,الاستقبالات,2018
E,5,2,الاحتفالات والمهرجانات,2018
E,5,4,المساهمة في موازنة اتحاد البلديات,2018
E,5,5,رديات,2018
E,5,6,نفقات التأمين,2018
E,5,7,إيفاء القروض,2018
E,5,9,المصاريف الأخرى غير الملحوظة,2018
E,6,1,احتياط الموازنة,2018
I,1,1,رسم على القيمة التأجيرية (سكن),2018
I,1,2,رسم على القيمة التأجيرية (غير سكن),2018
I,1,3,رسم صيانة المجارير والأرصفة,2018
I,1,6,رسم الترخيص للإعلان الدائم والمؤقت,2018
I,1,9,رسم الترخيص للمؤسسات المصنفة,2018
I,1,10,رسم الترخيص باحتراف المهن بالتجول,2018
I,1,11,رسم الترخيص بالبناء,2018
I,1,13,رسم إنفاق في وجوه محددة,2018
I,1,14,رسم تصوينة,2018
I,1,15,رسم الترميم,2018
I,1,16,رسم إنشاء مجارير وأرصفة,2018
I,1,17,رسم المرآب,2018
I,1,19,رسم الإستثمار للإعلان الدائم,2018
E,1,1,تعويضات الرئاسة,2025
E,1,2,رواتب الموظفين,2025
E,1,3,بدلات التعاقد,2025
E,1,4,أجور الأجراء,2025
E,1,5,عائدات الجباية والغرامة,2025
E,1,6,المكافآت والتعويضات والتقديمات المختلفة,2025
E,1,7,اللوازم,2025
E,1,8,الملابس,2025
E,1,9,بدلات الإيجار والخدمات المشتركة,2025
E,1,10,المخابرات الهاتفية والبريد والبرق,2025
E,1,11,نفقات إدارية أخرى,2025
E,2,1,التجهيزات,2025
E,2,2,صيانة التجهيزات والآليات,2025
E,2,3,المفروشات,2025
E,2,4,النظافة العامة,2025
E,2,5,صيانة المباني,2025
E,2,6,شراء الآليات,2025
E,2,7,مكافحة الحشرات,2025
E,2,8,لوازم التنظيفات,2025
E,2,9,المحروقات,2025
E,2,10,أجور النقل والانتقال,2025
E,2,11,أجور العمّال اليوميين,2025
E,2,12,بدلات استهلاك الكهرباء,2025
E,2,13,بدلات اشتراك المياه,2025
E,2,14,صيانة الطرق العامة,2025
E,2,15,صيانة شبكات المياه,2025
E,2,16,صيانة شبكات الإنارة العامة,2025
E,3,1,إنشاء المباني,2025
E,3,2,إنشاء شبكات الإنارة العامة,2025
E,3,3,إنشاء شبكات المياه,2025
E,3,4,إنشاء شبكات المجارير,2025
E,3,5,إنشاء الطرق العامة والأرصفة والأقنية,2025
E,3,6,إنشاء الحدائق,2025
E,3,7,إنشاء الملاعب والمسابح,2025
E,3,8,إنشاءات أخرى,2025
E,3,9,نفقات الدروس,2025
E,3,10,تعويضات الإستملاك,2025
E,3,11,شراء الأبنية,2025
E,3,12,شراء العقارات,2025
E,4,1,التخصيصات الصحية,2025
E,4,2,مساعدة المعوزين,2025
E,4,3,مساعدة الأوقاف الخيرية,2025
E,4,4,المساهمة في النشاطات الثقافية,2025
E,4,5,المساهمة في النشاطات التربوية,2025
E,4,6,المساهمة في النشاطات الرياضية,2025
E,4,7,المساهمة في النشاطات الاجتماعية,2025
E,4,8,المنح والجوائز المدرسية,2025
E,4,9,مساعدة المدارس,2025
E,4,10,مساعدة المكتبات,2025
E,4,11,مساعدة الهيئات التي لا تتوخّى الربح,2025
E,4,12,مساهمات إلى القطاع العام,2025
E,5,1,الاستقبالات,2025
E,5,2,الاحتفالات والمهرجانات,2025
E,5,4,المساهمة في موازنة اتحاد البلديات,2025
E,5,5,رديات,2025
E,5,6,نفقات التأمين,2025
E,5,7,إيفاء القروض,2025
E,5,9,المصاريف الأخرى غير الملحوظة,2025
E,6,1,احتياط الموازنة,2025
I,1,1,رسم على القيمة التأجيرية (سكن),2025
I,1,2,رسم على القيمة التأجيرية (غير سكن),2025
I,1,3,رسم صيانة المجارير والأرصفة,2025
I,1,6,رسم الترخيص للإعلان الدائم والمؤقت,2025
I,1,9,رسم الترخيص للمؤسسات المصنفة,2025
I,1,10,رسم الترخيص باحتراف المهن بالتجول,2025
I,1,11,رسم الترخيص بالبناء,2025
I,1,13,رسم إنفاق في وجوه محددة,2025
I,1,14,رسم تصوينة,2025
I,1,15,رسم الترميم,2025
I,1,16,رسم إنشاء مجارير وأرصفة,2025
I,1,17,رسم المرآب,2025
I,1,19,رسم الإستثمار للإعلان الدائم,2025
I,1,20,رسم الإستثمار للإعلان المؤقت,2025
I,1,25,رسم إستثمار اسبوعي للإعلان خارج دور السينما,2025
I,1,26,الرسم النسبي على المزايدات,2025
I,1,30,رسوم الدخول إلى الأماكن الأثرية والسياحية,2025
I,1,31,رسم تسجيل عقود الإيجار,2025
I,1,33,واردات ناتجة عن أشغال لحساب الغير,2025
I,1,35,رسوم وغرامات تسوية مخالفات البناء,2025
I,1,36,واردات مباشرة غير ملحوظة,2025
I,1,37,غرامات الاعمال غير المنفذة من البناء,2025
I,1,38,رسم المرآب السنوي على المؤسسات السياحية,2025
I,2,1,علاوة على ضريبة الأملاك المبنية النسبية,2025
I,2,2,حصة البلديات من المؤسسة العامة للاسكان,2025
I,2,7,ضريبة التحسين,2025
I,2,8,عائدات أخرى,2025
I,3,1,الحصة العائدة لدعم الموازنة,2025
I,3,2,الحصة المخصصة لدعم مشاريع التنمية,2025
I,4,1,المساعدات,2025
I,4,2,الفوائد,2025
I,4,3,القروض,2025
I,4,4,الهبات والوصايا,2025
I,4,5,الغرامات,2025
I,4,6,حاصلات الأملاك المبنية والمشاعات,2025
I,4,7,النقد المدور,2025
I,4,9,سائر العائدات غير الملحوظة,2025
E,1,1,تعويضات الرئاسة,2024
E,1,2,رواتب الموظفين,2024
E,1,3,بدلات التعاقد,2024
E,1,4,أجور الأجراء,2024
E,1,5,عائدات الجباية والغرامة,2024
E,1,6,المكافآت والتعويضات والتقديمات المختلفة,2024
E,1,7,اللوازم,2024
E,1,8,الملابس,2024
E,1,9,بدلات الإيجار والخدمات المشتركة,2024
E,1,10,المخابرات الهاتفية والبريد والبرق,2024
E,1,11,نفقات إدارية أخرى,2024
E,2,1,التجهيزات,2024
E,2,2,صيانة التجهيزات والآليات,2024
E,2,3,المفروشات,2024
E,2,4,النظافة العامة,2024
E,2,5,صيانة المباني,2024
E,2,6,شراء الآليات,2024
E,2,7,مكافحة الحشرات,2024
E,2,8,لوازم التنظيفات,2024
E,2,9,المحروقات,2024
E,2,10,أجور النقل والانتقال,2024
E,2,11,أجور العمّال اليوميين,2024
E,2,12,بدلات استهلاك الكهرباء,2024
E,2,13,بدلات اشتراك المياه,2024
E,2,14,صيانة الطرق العامة,2024
E,2,15,صيانة شبكات المياه,2024
E,2,16,صيانة شبكات الإنارة العامة,2024
E,3,1,إنشاء المباني,2024
E,3,2,إنشاء شبكات الإنارة العامة,2024
E,3,3,إنشاء شبكات المياه,2024
E,3,4,إنشاء شبكات المجارير,2024
E,3,5,إنشاء الطرق العامة والأرصفة والأقنية,2024
E,3,6,إنشاء الحدائق,2024
E,3,7,إنشاء الملاعب والمسابح,2024
E,3,8,إنشاءات أخرى,2024
E,3,9,نفقات الدروس,2024
E,3,10,تعويضات الإستملاك,2024
E,3,11,شراء الأبنية,2024
E,3,12,شراء العقارات,2024
E,4,1,التخصيصات الصحية,2024
E,4,2,مساعدة المعوزين,2024
E,4,3,مساعدة الأوقاف الخيرية,2024
E,4,4,المساهمة في النشاطات الثقافية,2024
E,4,5,المساهمة في النشاطات التربوية,2024
E,4,6,المساهمة في النشاطات الرياضية,2024
E,4,7,المساهمة في النشاطات الاجتماعية,2024
E,4,8,المنح والجوائز المدرسية,2024
E,4,9,مساعدة المدارس,2024
E,4,10,مساعدة المكتبات,2024
E,4,11,مساعدة الهيئات التي لا تتوخّى الربح,2024
E,4,12,مساهمات إلى القطاع العام,2024
E,5,1,الاستقبالات,2024
E,5,2,الاحتفالات والمهرجانات,2024
E,5,4,المساهمة في موازنة اتحاد البلديات,2024
E,5,5,رديات,2024
E,5,6,نفقات التأمين,2024
E,5,7,إيفاء القروض,2024
E,5,9,المصاريف الأخرى غير الملحوظة,2024
E,6,1,احتياط الموازنة,2024
I,1,1,رسم على القيمة التأجيرية (سكن),2024
I,1,2,رسم على القيمة التأجيرية (غير سكن),2024
I,1,3,رسم صيانة المجارير والأرصفة,2024
I,1,6,رسم الترخيص للإعلان الدائم والمؤقت,2024
I,1,9,رسم الترخيص للمؤسسات المصنفة,2024
I,1,10,رسم الترخيص باحتراف المهن بالتجول,2024
I,1,11,رسم الترخيص بالبناء,2024
I,1,13,رسم إنفاق في وجوه محددة,2024
I,1,14,رسم تصوينة,2024
I,1,15,رسم الترميم,2024
I,1,16,رسم إنشاء مجارير وأرصفة,2024
I,1,17,رسم المرآب,2024
I,1,19,رسم الإستثمار للإعلان الدائم,2024
I,1,20,رسم الإستثمار للإعلان المؤقت,2024
I,1,25,رسم إستثمار اسبوعي للإعلان خارج دور السينما,2024
I,1,26,الرسم النسبي على المزايدات,2024
I,1,30,رسوم الدخول إلى الأماكن الأثرية والسياحية,2024
I,1,31,رسم تسجيل عقود الإيجار,2024
I,1,33,واردات ناتجة عن أشغال لحساب الغير,2024
I,1,35,رسوم وغرامات تسوية مخالفات البناء,2024
I,1,36,واردات مباشرة غير ملحوظة,2024
I,1,37,غرامات الاعمال غير المنفذة من البناء,2024
I,1,38,رسم المرآب السنوي على المؤسسات السياحية,2024
I,2,1,علاوة على ضريبة الأملاك المبنية النسبية,2024
I,2,2,حصة البلديات من المؤسسة العامة للاسكان,2024
I,2,7,ضريبة التحسين,2024
I,2,8,عائدات أخرى,2024
I,3,1,الحصة العائدة لدعم الموازنة,2024
I,3,2,الحصة المخصصة لدعم مشاريع التنمية,2024
I,4,1,المساعدات,2024
I,4,2,الفوائد,2024
I,4,3,القروض,2024
I,4,4,الهبات والوصايا,2024
I,4,5,الغرامات,2024
I,4,6,حاصلات الأملاك المبنية والمشاعات,2024
I,4,7,النقد المدور,2024
I,4,9,سائر العائدات غير الملحوظة,2024
I,1,2,رسم على القيمة التأجيرية (غير سكن),2023
I,1,3,رسم صيانة المجارير والأرصفة,2023
I,1,6,رسم الترخيص للإعلان الدائم والمؤقت,2023
I,1,9,رسم الترخيص للمؤسسات المصنفة,2023
