CHAPTER_TYPE,CHAPTER,DESCRIPT,BUDGET_YEAR
E,1,النفقات الادارية,2026
E,2,نفقات التجهيزات والصيانة والنظافة العامة,2026
E,3,نفقات المشاريع الانشائية,2026
E,4,نفقات الخدمات والمساعدات,2026
E,5,النفقات المتنوعة,2026
E,6,الاحتياط,2026
I,1,الرسوم التي تستوفيها البلدية بطريقة مباشرة من المكلفين,2026
I,2,الرسوم التي تستوفيها الدولة أو المصالح المستقلة أو المؤسسات العامة أو الخاصة وتؤديها مباشرة إلى البلدية المعنية,2026
I,3,الرسوم التي تستوفيها الدولة لحساب جميع البلديات (عائدات البلدية من الصندوق البلدي المستقل),2026
I,4,العائدات المتنوعة,2026
E,1,النفقات الادارية,2027
E,2,نفقات التجهيزات والصيانة والنظافة العامة,2027
E,3,نفقات المشاريع الانشائية,2027
E,4,نفقات الخدمات والمساعدات,2027
E,5,النفقات المتنوعة,2027
E,6,الاحتياط,2027
I,1,الرسوم التي تستوفيها البلدية بطريقة مباشرة من المكلفين,2027
I,2,الرسوم التي تستوفيها الدولة أو المصالح المستقلة أو المؤسسات العامة أو الخاصة وتؤديها مباشرة إلى البلدية المعنية,2027
I,3,الرسوم التي تستوفيها الدولة لحساب جميع البلديات (عائدات البلدية من الصندوق البلدي المستقل),2027
I,4,العائدات المتنوعة,2027
I,1,الرسوم التي تستوفيها البلدية بطريقة مباشرة من المكلفين,2019
I,2,الرسوم التي تستوفيها الدولة أو المصالح المستقلة أو المؤسسات العامة أو الخاصة وتؤديها مباشرة إلى البلدية المعنية,2019
I,3,الرسوم التي تستوفيها الدولة لحساب جميع البلديات (عائدات البلدية من الصندوق البلدي المستقل),2019
I,4,العائدات المتنوعة,2019
E,1,النفقات الادارية,2012
E,2,نفقات التجهيزات والصيانة والنظافة العامة,2012
E,3,نفقات المشاريع الانشائية,2012
E,4,نفقات الخدمات والمساعدات,2012
E,5,النفقات المتنوعة,2012
E,6,الاحتياط,2012
I,1,الرسوم التي تستوفيها البلدية بطريقة مباشرة من المكلفين,2012
I,2,الرسوم التي تستوفيها الدولة أو المصالح المستقلة أو المؤسسات العامة أو الخاصة وتؤديها مباشرة إلى البلدية المعنية,2012
I,3,الرسوم التي تستوفيها الدولة لحساب جميع البلديات (عائدات البلدية من الصندوق البلدي المستقل),2012
I,4,العائدات المتنوعة,2012
E,1,النفقات الادارية,2013
E,2,نفقات التجهيزات والصيانة والنظافة العامة,2013
E,3,نفقات المشاريع الانشائية,2013
E,4,نفقات الخدمات والمساعدات,2013
E,5,النفقات المتنوعة,2013
E,6,الاحتياط,2013
I,1,الرسوم التي تستوفيها البلدية بطريقة مباشرة من المكلفين,2013
I,2,الرسوم التي تستوفيها الدولة أو المصالح المستقلة أو المؤسسات العامة أو الخاصة وتؤديها مباشرة إلى البلدية المعنية,2013
I,3,الرسوم التي تستوفيها الدولة لحساب جميع البلديات (عائدات البلدية من الصندوق البلدي المستقل),2013
I,4,العائدات المتنوعة,2013
E,1,النفقات الادارية,2014
E,2,نفقات التجهيزات والصيانة والنظافة العامة,2014
E,3,نفقات المشاريع الانشائية,2014
E,4,نفقات الخدمات والمساعدات,2014
E,5,النفقات المتنوعة,2014
E,6,الاحتياط,2014
I,1,الرسوم التي تستوفيها البلدية بطريقة مباشرة من المكلفين,2014
I,2,الرسوم التي تستوفيها الدولة أو المصالح المستقلة أو المؤسسات العامة أو الخاصة وتؤديها مباشرة إلى البلدية المعنية,2014
I,3,الرسوم التي تستوفيها الدولة لحساب جميع البلديات (عائدات البلدية من الصندوق البلدي المستقل),2014
I,4,العائدات المتنوعة,2014
E,1,النفقات الادارية,2011
E,2,نفقات التجهيزات والصيانة والنظافة العامة,2011
E,3,نفقات المشاريع الانشائية,2011
E,4,نفقات الخدمات والمساعدات,2011
E,5,النفقات المتنوعة,2011
E,6,الاحتياط,2011
I,1,الرسوم التي تستوفيها البلدية بطريقة مباشرة من المكلفين,2011
I,2,الرسوم التي تستوفيها الدولة أو المصالح المستقلة أو المؤسسات العامة أو الخاصة وتؤديها مباشرة إلى البلدية المعنية,2011
I,3,الرسوم التي تستوفيها الدولة لحساب جميع البلديات (عائدات البلدية من الصندوق البلدي المستقل),2011
I,4,العائدات المتنوعة,2011
E,1,النفقات الادارية,2009
E,2,نفقات التجهيزات والصيانة والنظافة العامة,2009
E,3,نفقات المشاريع الانشائية,2009
E,4,نفقات الخدمات والمساعدات,2009
E,5,النفقات المتنوعة,2009
E,6,الاحتياط,2009
I,1,الرسوم التي تستوفيها البلدية بطريقة مباشرة من المكلفين,2009
I,2,الرسوم التي تستوفيها الدولة أو المصالح المستقلة أو المؤسسات العامة أو الخاصة وتؤديها مباشرة إلى البلدية المعنية,2009
I,3,الرسوم التي تستوفيها الدولة لحساب جميع البلديات (عائدات البلدية من الصندوق البلدي المستقل),2009
I,4,العائدات المتنوعة,2009
E,1,النفقات الادارية,2010
E,2,نفقات التجهيزات والصيانة والنظافة العامة,2010
E,3,نفقات المشاريع الانشائية,2010
E,4,نفقات الخدمات والمساعدات,2010
E,5,النفقات المتنوعة,2010
E,6,الاحتياط,2010
I,1,الرسوم التي تستوفيها البلدية بطريقة مباشرة من المكلفين,2010
I,2,الرسوم التي تستوفيها الدولة أو المصالح المستقلة أو المؤسسات العامة أو الخاصة وتؤديها مباشرة إلى البلدية المعنية,2010
I,3,الرسوم التي تستوفيها الدولة لحساب جميع البلديات (عائدات البلدية من الصندوق البلدي المستقل),2010
I,4,العائدات المتنوعة,2010
I,2,الرسوم التي تستوفيها الدولة أو المصالح المستقلة أو المؤسسات العامة أو الخاصة وتؤديها مباشرة إلى البلدية المعنية,2005
I,3,الرسوم التي تستوفيها الدولة لحساب جميع البلديات (عائدات البلدية من الصندوق البلدي المستقل),2005
I,4,العائدات المتنوعة,2005
E,1,النفقات الادارية,2005
E,2,نفقات التجهيزات والصيانة والنظافة العامة,2005
E,3,نفقات المشاريع الانشائية,2005
I,1,الرسوم التي تستوفيها البلدية بطريقة مباشرة من المكلفين,2005
E,4,نفقات الخدمات والمساعدات,2005
E,5,النفقات المتنوعة,2005
E,6,الاحتياط,2005
E,1,النفقات الادارية,2004
E,2,نفقات التجهيزات والصيانة والنظافة العامة,2004
E,3,نفقات المشاريع الانشائية,2004
E,4,نفقات الخدمات والمساعدات,2004
E,5,النفقات المتنوعة,2004
E,6,الاحتياط,2004
I,1,الرسوم التي تستوفيها البلدية بطريقة مباشرة من المكلفين,2004
I,2,الرسوم التي تستوفيها الدولة أو المصالح المستقلة أو المؤسسات العامة أو الخاصة وتؤديها مباشرة إلى البلدية المعنية,2004
I,3,الرسوم التي تستوفيها الدولة لحساب جميع البلديات (عائدات البلدية من الصندوق البلدي المستقل),2004
I,4,العائدات المتنوعة,2004
E,1,النفقات الادارية,2006
E,2,نفقات التجهيزات والصيانة والنظافة العامة,2006
E,3,نفقات المشاريع الانشائية,2006
E,4,نفقات الخدمات والمساعدات,2006
E,5,النفقات المتنوعة,2006
E,6,الاحتياط,2006
I,1,الرسوم التي تستوفيها البلدية بطريقة مباشرة من المكلفين,2006
I,2,الرسوم التي تستوفيها الدولة أو المصالح المستقلة أو المؤسسات العامة أو الخاصة وتؤديها مباشرة إلى البلدية المعنية,2006
I,3,الرسوم التي تستوفيها الدولة لحساب جميع البلديات (عائدات البلدية من الصندوق البلدي المستقل),2006
I,4,العائدات المتنوعة,2006
E,1,النفقات الادارية,2007
E,2,نفقات التجهيزات والصيانة والنظافة العامة,2007
E,1,النفقات الادارية,2020
E,2,نفقات التجهيزات والصيانة والنظافة العامة,2020
E,3,نفقات المشاريع الانشائية,2020
E,4,نفقات الخدمات والمساعدات,2020
E,5,النفقات المتنوعة,2020
E,6,الاحتياط,2020
I,1,الرسوم التي تستوفيها البلدية بطريقة مباشرة من المكلفين,2020
I,2,الرسوم التي تستوفيها الدولة أو المصالح المستقلة أو المؤسسات العامة أو الخاصة وتؤديها مباشرة إلى البلدية المعنية,2020
I,3,الرسوم التي تستوفيها الدولة لحساب جميع البلديات (عائدات البلدية من الصندوق البلدي المستقل),2020
I,4,العائدات المتنوعة,2020
E,1,النفقات الادارية,2021
E,2,نفقات التجهيزات والصيانة والنظافة العامة,2021
E,3,نفقات المشاريع الانشائية,2021
E,4,نفقات الخدمات والمساعدات,2021
E,5,النفقات المتنوعة,2021
E,6,الاحتياط,2021
I,1,الرسوم التي تستوفيها البلدية بطريقة مباشرة من المكلفين,2021
I,2,الرسوم التي تستوفيها الدولة أو المصالح المستقلة أو المؤسسات العامة أو الخاصة وتؤديها مباشرة إلى البلدية المعنية,2021
I,3,الرسوم التي تستوفيها الدولة لحساب جميع البلديات (عائدات البلدية من الصندوق البلدي المستقل),2021
I,4,العائدات المتنوعة,2021
E,1,النفقات الادارية,2022
E,2,نفقات التجهيزات والصيانة والنظافة العامة,2022
E,3,نفقات المشاريع الانشائية,2022
E,4,نفقات الخدمات والمساعدات,2022
E,5,النفقات المتنوعة,2022
E,6,الاحتياط,2022
I,1,الرسوم التي تستوفيها البلدية بطريقة مباشرة من المكلفين,2022
I,2,الرسوم التي تستوفيها الدولة أو المصالح المستقلة أو المؤسسات العامة أو الخاصة وتؤديها مباشرة إلى البلدية المعنية,2022
I,3,الرسوم التي تستوفيها الدولة لحساب جميع البلديات (عائدات البلدية من الصندوق البلدي المستقل),2022
I,4,العائدات المتنوعة,2022
I,1,الرسوم التي تستوفيها البلدية بطريقة مباشرة من المكلفين,2023
I,2,الرسوم التي تستوفيها الدولة أو المصالح المستقلة أو المؤسسات العامة أو الخاصة وتؤديها مباشرة إلى البلدية المعنية,2023
I,3,الرسوم التي تستوفيها الدولة لحساب جميع البلديات (عائدات البلدية من الصندوق البلدي المستقل),2023
I,4,العائدات المتنوعة,2023
E,1,النفقات الادارية,2023
E,2,نفقات التجهيزات والصيانة والنظافة العامة,2023
E,3,نفقات المشاريع الانشائية,2023
E,4,نفقات الخدمات والمساعدات,2023
E,5,النفقات المتنوعة,2023
E,6,الاحتياط,2023
E,3,نفقات المشاريع الانشائية,2007
E,4,نفقات الخدمات والمساعدات,2007
E,5,النفقات المتنوعة,2007
E,6,الاحتياط,2007
I,1,الرسوم التي تستوفيها البلدية بطريقة مباشرة من المكلفين,2007
I,2,الرسوم التي تستوفيها الدولة أو المصالح المستقلة أو المؤسسات العامة أو الخاصة وتؤديها مباشرة إلى البلدية المعنية,2007
I,3,الرسوم التي تستوفيها الدولة لحساب جميع البلديات (عائدات البلدية من الصندوق البلدي المستقل),2007
I,4,العائدات المتنوعة,2007
I,2,الرسوم التي تستوفيها الدولة أو المصالح المستقلة أو المؤسسات العامة أو الخاصة وتؤديها مباشرة إلى البلدية المعنية,2008
I,3,الرسوم التي تستوفيها الدولة لحساب جميع البلديات (عائدات البلدية من الصندوق البلدي المستقل),2008
I,4,العائدات المتنوعة,2008
E,1,النفقات الادارية,2008
E,2,نفقات التجهيزات والصيانة والنظافة العامة,2008
E,3,نفقات المشاريع الانشائية,2008
I,1,الرسوم التي تستوفيها البلدية بطريقة مباشرة من المكلفين,2008
E,4,نفقات الخدمات والمساعدات,2008
E,5,النفقات المتنوعة,2008
E,6,الاحتياط,2008
E,1,النفقات الادارية,2017
E,2,نفقات التجهيزات والصيانة والنظافة العامة,2017
E,3,نفقات المشاريع الانشائية,2017
E,4,نفقات الخدمات والمساعدات,2017
E,5,النفقات المتنوعة,2017
E,6,الاحتياط,2017
I,1,الرسوم التي تستوفيها البلدية بطريقة مباشرة من المكلفين,2017
I,2,الرسوم التي تستوفيها الدولة أو المصالح المستقلة أو المؤسسات العامة أو الخاصة وتؤديها مباشرة إلى البلدية المعنية,2017
I,3,الرسوم التي تستوفيها الدولة لحساب جميع البلديات (عائدات البلدية من الصندوق البلدي المستقل),2017
I,4,العائدات المتنوعة,2017
E,1,النفقات الادارية,2015
E,2,نفقات التجهيزات والصيانة والنظافة العامة,2015
E,3,نفقات المشاريع الانشائية,2015
E,4,نفقات الخدمات والمساعدات,2015
E,5,النفقات المتنوعة,2015
E,6,الاحتياط,2015
I,1,الرسوم التي تستوفيها البلدية بطريقة مباشرة من المكلفين,2015
I,2,الرسوم التي تستوفيها الدولة أو المصالح المستقلة أو المؤسسات العامة أو الخاصة وتؤديها مباشرة إلى البلدية المعنية,2015
I,3,الرسوم التي تستوفيها الدولة لحساب جميع البلديات (عائدات البلدية من الصندوق البلدي المستقل),2015
I,4,العائدات المتنوعة,2015
E,1,النفقات الادارية,2016
E,2,نفقات التجهيزات والصيانة والنظافة العامة,2016
E,3,نفقات المشاريع الانشائية,2016
E,4,نفقات الخدمات والمساعدات,2016
E,5,النفقات المتنوعة,2016
E,6,الاحتياط,2016
I,1,الرسوم التي تستوفيها البلدية بطريقة مباشرة من المكلفين,2016
I,2,الرسوم التي تستوفيها الدولة أو المصالح المستقلة أو المؤسسات العامة أو الخاصة وتؤديها مباشرة إلى البلدية المعنية,2016
I,3,الرسوم التي تستوفيها الدولة لحساب جميع البلديات (عائدات البلدية من الصندوق البلدي المستقل),2016
I,4,العائدات المتنوعة,2016
E,1,النفقات الادارية,2018
E,2,نفقات التجهيزات والصيانة والنظافة العامة,2018
E,3,نفقات المشاريع الانشائية,2018
E,4,نفقات الخدمات والمساعدات,2018
E,5,النفقات المتنوعة,2018
E,6,الاحتياط,2018
I,1,الرسوم التي تستوفيها البلدية بطريقة مباشرة من المكلفين,2018
I,2,الرسوم التي تستوفيها الدولة أو المصالح المستقلة أو المؤسسات العامة أو الخاصة وتؤديها مباشرة إلى البلدية المعنية,2018
I,3,الرسوم التي تستوفيها الدولة لحساب جميع البلديات (عائدات البلدية من الصندوق البلدي المستقل),2018
I,4,العائدات المتنوعة,2018
E,1,النفقات الادارية,2019
E,2,نفقات التجهيزات والصيانة والنظافة العامة,2019
E,3,نفقات المشاريع الانشائية,2019
E,4,نفقات الخدمات والمساعدات,2019
E,5,النفقات المتنوعة,2019
E,6,الاحتياط,2019
E,1,النفقات الادارية,2024
E,2,نفقات التجهيزات والصيانة والنظافة العامة,2024
E,3,نفقات المشاريع الانشائية,2024
E,4,نفقات الخدمات والمساعدات,2024
E,5,النفقات المتنوعة,2024
E,6,الاحتياط,2024
I,1,الرسوم التي تستوفيها البلدية بطريقة مباشرة من المكلفين,2024
I,2,الرسوم التي تستوفيها الدولة أو المصالح المستقلة أو المؤسسات العامة أو الخاصة وتؤديها مباشرة إلى البلدية المعنية,2024
I,3,الرسوم التي تستوفيها الدولة لحساب جميع البلديات (عائدات البلدية من الصندوق البلدي المستقل),2024
I,4,العائدات المتنوعة,2024
E,1,النفقات الادارية,2025
E,2,نفقات التجهيزات والصيانة والنظافة العامة,2025
E,3,نفقات المشاريع الانشائية,2025
E,4,نفقات الخدمات والمساعدات,2025
E,5,النفقات المتنوعة,2025
E,6,الاحتياط,2025
I,1,الرسوم التي تستوفيها البلدية بطريقة مباشرة من المكلفين,2025
I,2,الرسوم التي تستوفيها الدولة أو المصالح المستقلة أو المؤسسات العامة أو الخاصة وتؤديها مباشرة إلى البلدية المعنية,2025
I,3,الرسوم التي تستوفيها الدولة لحساب جميع البلديات (عائدات البلدية من الصندوق البلدي المستقل),2025
I,4,العائدات المتنوعة,2025
